DEP_DELAY,ARR_DELAY,CANCELLED,CARRIER_DELAY,WEATHER_DELAY,Full_Departure_Datetime
6.0,10.0,0,0.0,0.0,2017-01-01 05:51:00
9.0,4.0,0,0.0,0.0,2017-01-01 06:34:00
2.0,46.0,0,0.0,2.0,2017-01-02 06:27:00
91.0,91.0,0,0.0,0.0,2017-01-02 18:41:00
-9.0,8.0,0,0.0,0.0,2017-01-02 05:36:00
35.0,36.0,0,4.0,0.0,2017-01-02 17:14:00
-6.0,16.0,0,0.0,0.0,2017-01-02 05:54:00
-4.0,-6.0,0,0.0,0.0,2017-01-02 16:56:00
-1.0,-17.0,0,0.0,0.0,2017-01-03 05:44:00
81.0,73.0,0,0.0,0.0,2017-01-03 18:31:00
22.0,16.0,0,0.0,0.0,2017-01-03 17:01:00
5.0,0.0,0,0.0,0.0,2017-01-03 06:05:00
-5.0,-3.0,0,0.0,0.0,2017-01-03 16:55:00
-2.0,-13.0,0,0.0,0.0,2017-01-04 06:07:00
-4.0,-15.0,0,0.0,0.0,2017-01-04 16:35:00
-1.0,-24.0,0,0.0,0.0,2017-01-04 05:44:00
-3.0,0.0,0,0.0,0.0,2017-01-04 16:57:00
-11.0,-15.0,0,0.0,0.0,2017-01-04 05:49:00
-2.0,-5.0,0,0.0,0.0,2017-01-05 06:07:00
-8.0,-14.0,0,0.0,0.0,2017-01-05 17:07:00
-8.0,-24.0,0,0.0,0.0,2017-01-05 16:31:00
-3.0,-5.0,0,0.0,0.0,2017-01-05 05:42:00
-1.0,-3.0,0,0.0,0.0,2017-01-05 05:59:00
-5.0,1.0,0,0.0,0.0,2017-01-05 16:55:00
-5.0,7.0,0,0.0,0.0,2017-01-06 05:40:00
0.0,0.0,0,0.0,0.0,2017-01-06 16:39:00
60.0,62.0,0,0.0,0.0,2017-01-06 18:15:00
-5.0,4.0,0,0.0,0.0,2017-01-06 06:04:00
-3.0,8.0,0,0.0,0.0,2017-01-06 16:57:00
-7.0,-4.0,0,0.0,0.0,2017-01-06 05:53:00
-7.0,12.0,0,0.0,0.0,2017-01-07 06:02:00
794.0,786.0,0,0.0,0.0,2017-01-07 19:14:00
-1.0,1.0,0,0.0,0.0,2017-01-07 05:44:00
50.0,26.0,0,26.0,0.0,2017-01-08 07:30:00
139.0,109.0,0,0.0,0.0,2017-01-08 20:19:00
20.0,15.0,0,15.0,0.0,2017-01-08 06:29:00
170.0,169.0,0,0.0,0.0,2017-01-08 20:05:00
-6.0,-8.0,0,0.0,0.0,2017-01-08 12:34:00
0.0,-14.0,0,0.0,0.0,2017-01-08 05:45:00
8.0,8.0,0,0.0,0.0,2017-01-08 17:40:00
1.0,-17.0,0,0.0,0.0,2017-01-09 06:01:00
0.0,18.0,0,0.0,0.0,2017-01-09 17:15:00
-4.0,43.0,0,0.0,0.0,2017-01-09 06:05:00
23.0,-7.0,0,0.0,0.0,2017-01-09 18:23:00
109.0,74.0,0,0.0,0.0,2017-01-09 14:51:00
56.0,73.0,0,56.0,0.0,2017-01-09 06:41:00
2.0,-4.0,0,0.0,0.0,2017-01-09 12:42:00
-2.0,5.0,0,0.0,0.0,2017-01-09 17:30:00
-3.0,0.0,0,0.0,0.0,2017-01-10 05:57:00
-4.0,-7.0,0,0.0,0.0,2017-01-10 06:05:00
-5.0,-14.0,0,0.0,0.0,2017-01-10 17:55:00
255.0,244.0,0,244.0,0.0,2017-01-10 10:00:00
12.0,11.0,0,0.0,0.0,2017-01-10 12:52:00
8.0,8.0,0,0.0,0.0,2017-01-10 17:40:00
-3.0,-10.0,0,0.0,0.0,2017-01-11 05:57:00
-10.0,2.0,0,0.0,0.0,2017-01-11 05:59:00
-3.0,-22.0,0,0.0,0.0,2017-01-11 17:57:00
416.0,406.0,0,406.0,0.0,2017-01-11 12:41:00
-9.0,-20.0,0,0.0,0.0,2017-01-11 12:31:00
-9.0,-1.0,0,0.0,0.0,2017-01-11 17:23:00
-3.0,-20.0,0,0.0,0.0,2017-01-12 05:57:00
-8.0,15.0,0,0.0,0.0,2017-01-12 06:01:00
58.0,68.0,0,8.0,0.0,2017-01-12 18:13:00
4.0,-12.0,0,0.0,0.0,2017-01-12 13:06:00
-5.0,-27.0,0,0.0,0.0,2017-01-12 17:55:00
-4.0,-28.0,0,0.0,0.0,2017-01-12 05:41:00
-5.0,-2.0,0,0.0,0.0,2017-01-12 12:35:00
-8.0,8.0,0,0.0,0.0,2017-01-12 17:24:00
-6.0,-22.0,0,0.0,0.0,2017-01-13 05:54:00
-7.0,2.0,0,0.0,0.0,2017-01-13 17:08:00
2.0,-12.0,0,0.0,0.0,2017-01-13 13:04:00
-5.0,-5.0,0,0.0,0.0,2017-01-13 06:04:00
-5.0,-14.0,0,0.0,0.0,2017-01-13 17:55:00
-10.0,-26.0,0,0.0,0.0,2017-01-13 05:35:00
-2.0,10.0,0,0.0,0.0,2017-01-13 17:30:00
-9.0,-18.0,0,0.0,0.0,2017-01-13 12:31:00
-1.0,-15.0,0,0.0,0.0,2017-01-14 05:59:00
-6.0,3.0,0,0.0,0.0,2017-01-14 06:03:00
-1.0,2.0,0,0.0,0.0,2017-01-15 06:48:00
-1.0,19.0,0,0.0,0.0,2017-01-15 06:08:00
-7.0,-16.0,0,0.0,0.0,2017-01-15 17:08:00
-4.0,12.0,0,0.0,0.0,2017-01-15 12:36:00
-4.0,44.0,0,0.0,0.0,2017-01-16 05:56:00
-3.0,-20.0,0,0.0,0.0,2017-01-16 17:57:00
0.0,-11.0,0,0.0,0.0,2017-01-16 13:02:00
0.0,42.0,0,0.0,0.0,2017-01-16 06:09:00
-3.0,-14.0,0,0.0,0.0,2017-01-16 12:37:00
-5.0,-10.0,0,0.0,0.0,2017-01-16 05:40:00
26.0,12.0,0,0.0,0.0,2017-01-16 17:58:00
-2.0,-16.0,0,0.0,0.0,2017-01-17 05:58:00
-4.0,51.0,0,0.0,0.0,2017-01-17 17:11:00
-9.0,-24.0,0,0.0,0.0,2017-01-17 17:51:00
-3.0,-16.0,0,0.0,0.0,2017-01-17 06:06:00
-3.0,-27.0,0,0.0,0.0,2017-01-17 05:42:00
-5.0,-6.0,0,0.0,0.0,2017-01-17 12:35:00
6.0,8.0,0,0.0,0.0,2017-01-17 17:38:00
-4.0,1.0,0,0.0,0.0,2017-01-18 05:56:00
-3.0,-17.0,0,0.0,0.0,2017-01-18 06:06:00
-6.0,-29.0,0,0.0,0.0,2017-01-18 17:54:00
-10.0,7.0,0,0.0,0.0,2017-01-18 05:35:00
-6.0,8.0,0,0.0,0.0,2017-01-18 17:26:00
-5.0,-23.0,0,0.0,0.0,2017-01-18 12:35:00
-2.0,-15.0,0,0.0,0.0,2017-01-19 05:58:00
-9.0,-1.0,0,0.0,0.0,2017-01-19 17:06:00
-1.0,-20.0,0,0.0,0.0,2017-01-19 06:08:00
-7.0,-23.0,0,0.0,0.0,2017-01-19 17:53:00
-7.0,-24.0,0,0.0,0.0,2017-01-19 12:55:00
3.0,0.0,0,0.0,0.0,2017-01-19 05:48:00
-9.0,-11.0,0,0.0,0.0,2017-01-19 12:31:00
-3.0,5.0,0,0.0,0.0,2017-01-19 17:29:00
-3.0,-12.0,0,0.0,0.0,2017-01-20 05:57:00
-6.0,-30.0,0,0.0,0.0,2017-01-20 12:56:00
-8.0,-24.0,0,0.0,0.0,2017-01-20 06:01:00
2.0,-16.0,0,0.0,0.0,2017-01-20 17:17:00
-4.0,-12.0,0,0.0,0.0,2017-01-20 17:56:00
-4.0,-23.0,0,0.0,0.0,2017-01-20 05:41:00
-5.0,-25.0,0,0.0,0.0,2017-01-20 12:35:00
-5.0,8.0,0,0.0,0.0,2017-01-21 05:55:00
-5.0,-11.0,0,0.0,0.0,2017-01-21 06:04:00
-2.0,-6.0,0,0.0,0.0,2017-01-22 06:38:00
-1.0,-6.0,0,0.0,0.0,2017-01-22 17:14:00
-1.0,-20.0,0,0.0,0.0,2017-01-22 06:08:00
137.0,124.0,0,38.0,0.0,2017-01-22 20:17:00
447.0,421.0,0,421.0,0.0,2017-01-22 00:59:00
98.0,75.0,0,0.0,75.0,2017-01-22 07:23:00
106.0,102.0,0,12.0,0.0,2017-01-22 14:26:00
-1.0,-18.0,0,0.0,0.0,2017-01-23 05:59:00
10.0,-11.0,0,0.0,0.0,2017-01-23 06:19:00
39.0,13.0,0,0.0,0.0,2017-01-23 18:39:00
19.0,17.0,0,0.0,0.0,2017-01-23 17:34:00
-3.0,-23.0,0,0.0,0.0,2017-01-23 12:59:00
307.0,279.0,0,279.0,0.0,2017-01-23 10:52:00
-6.0,-16.0,0,0.0,0.0,2017-01-23 17:26:00
4.0,-14.0,0,0.0,0.0,2017-01-23 12:44:00
-7.0,-21.0,0,0.0,0.0,2017-01-24 05:53:00
-11.0,-11.0,0,0.0,0.0,2017-01-24 17:04:00
-7.0,-26.0,0,0.0,0.0,2017-01-24 17:53:00
262.0,267.0,0,0.0,0.0,2017-01-24 10:31:00
-11.0,-30.0,0,0.0,0.0,2017-01-24 05:34:00
-4.0,-16.0,0,0.0,0.0,2017-01-24 12:36:00
0.0,-7.0,0,0.0,0.0,2017-01-24 17:32:00
-3.0,-14.0,0,0.0,0.0,2017-01-25 05:57:00
-6.0,11.0,0,0.0,0.0,2017-01-25 06:03:00
-5.0,-18.0,0,0.0,0.0,2017-01-25 17:55:00
-5.0,10.0,0,0.0,0.0,2017-01-25 05:40:00
-10.0,5.0,0,0.0,0.0,2017-01-25 12:30:00
-5.0,-2.0,0,0.0,0.0,2017-01-25 17:27:00
-7.0,-7.0,0,0.0,0.0,2017-01-26 05:53:00
-4.0,-19.0,0,0.0,0.0,2017-01-26 17:11:00
-5.0,-18.0,0,0.0,0.0,2017-01-26 06:04:00
-6.0,-23.0,0,0.0,0.0,2017-01-26 12:56:00
-7.0,-24.0,0,0.0,0.0,2017-01-26 17:53:00
-10.0,-6.0,0,0.0,0.0,2017-01-26 05:35:00
-4.0,0.0,0,0.0,0.0,2017-01-26 17:28:00
-6.0,9.0,0,0.0,0.0,2017-01-26 12:34:00
-1.0,-12.0,0,0.0,0.0,2017-01-27 05:59:00
-4.0,-16.0,0,0.0,0.0,2017-01-27 06:05:00
16.0,-3.0,0,0.0,0.0,2017-01-27 17:31:00
-3.0,-11.0,0,0.0,0.0,2017-01-27 12:59:00
109.0,90.0,0,0.0,0.0,2017-01-27 19:49:00
-5.0,-15.0,0,0.0,0.0,2017-01-27 05:40:00
2.0,-1.0,0,0.0,0.0,2017-01-27 12:42:00
34.0,31.0,0,0.0,0.0,2017-01-27 18:06:00
0.0,-5.0,0,0.0,0.0,2017-01-28 06:00:00
-2.0,-11.0,0,0.0,0.0,2017-01-28 06:07:00
-5.0,-20.0,0,0.0,0.0,2017-01-28 05:40:00
0.0,-8.0,0,0.0,0.0,2017-01-29 06:40:00
1.0,-14.0,0,0.0,0.0,2017-01-29 06:10:00
22.0,3.0,0,0.0,0.0,2017-01-29 17:37:00
2.0,-18.0,0,0.0,0.0,2017-01-29 18:02:00
-6.0,-8.0,0,0.0,0.0,2017-01-29 05:39:00
7.0,-5.0,0,0.0,0.0,2017-01-29 12:47:00
61.0,56.0,0,0.0,0.0,2017-01-29 18:33:00
0.0,10.0,0,0.0,0.0,2017-01-30 06:00:00
-6.0,-11.0,0,0.0,0.0,2017-01-30 17:54:00
-7.0,-3.0,0,0.0,0.0,2017-01-30 06:02:00
-1.0,11.0,0,0.0,0.0,2017-01-30 17:14:00
155.0,121.0,0,0.0,0.0,2017-01-30 15:37:00
-5.0,-13.0,0,0.0,0.0,2017-01-30 12:35:00
3.0,9.0,0,0.0,0.0,2017-01-30 17:35:00
-6.0,-17.0,0,0.0,0.0,2017-01-31 05:54:00
-7.0,5.0,0,0.0,0.0,2017-01-31 06:02:00
-7.0,-3.0,0,0.0,0.0,2017-01-31 17:08:00
-4.0,-19.0,0,0.0,0.0,2017-01-31 17:56:00
-7.0,-14.0,0,0.0,0.0,2017-01-31 05:38:00
227.0,0.0,0,0.0,0.0,2017-01-31 21:19:00
-7.0,16.0,0,0.0,0.0,2017-01-31 12:33:00
-1.0,5.0,0,0.0,0.0,2017-02-01 05:59:00
-4.0,-12.0,0,0.0,0.0,2017-02-01 17:56:00
1.0,22.0,0,1.0,0.0,2017-02-01 06:10:00
114.0,109.0,0,109.0,0.0,2017-02-01 07:39:00
-4.0,1.0,0,0.0,0.0,2017-02-01 12:36:00
-8.0,4.0,0,0.0,0.0,2017-02-01 17:24:00
0.0,-12.0,0,0.0,0.0,2017-02-02 06:00:00
0.0,9.0,0,0.0,0.0,2017-02-02 06:09:00
-5.0,-18.0,0,0.0,0.0,2017-02-02 17:55:00
-11.0,-27.0,0,0.0,0.0,2017-02-02 12:51:00
-3.0,3.0,0,0.0,0.0,2017-02-02 17:12:00
-6.0,-21.0,0,0.0,0.0,2017-02-02 05:39:00
-10.0,-21.0,0,0.0,0.0,2017-02-02 12:30:00
-13.0,-19.0,0,0.0,0.0,2017-02-02 17:19:00
-5.0,-15.0,0,0.0,0.0,2017-02-03 05:55:00
-9.0,-16.0,0,0.0,0.0,2017-02-03 17:00:00
-5.0,-14.0,0,0.0,0.0,2017-02-03 12:57:00
-3.0,-25.0,0,0.0,0.0,2017-02-03 17:57:00
-3.0,-8.0,0,0.0,0.0,2017-02-03 06:06:00
-2.0,-2.0,0,0.0,0.0,2017-02-03 05:43:00
-2.0,-11.0,0,0.0,0.0,2017-02-03 12:38:00
-4.0,7.0,0,0.0,0.0,2017-02-03 17:28:00
34.0,24.0,0,24.0,0.0,2017-02-04 06:34:00
-9.0,-5.0,0,0.0,0.0,2017-02-04 06:00:00
1.0,-10.0,0,0.0,0.0,2017-02-05 06:50:00
169.0,155.0,0,0.0,0.0,2017-02-05 08:58:00
-5.0,-9.0,0,0.0,0.0,2017-02-05 17:10:00
-5.0,-11.0,0,0.0,0.0,2017-02-05 12:35:00
17.0,-1.0,0,0.0,0.0,2017-02-06 06:17:00
12.0,6.0,0,0.0,0.0,2017-02-06 06:21:00
-5.0,-15.0,0,0.0,0.0,2017-02-06 17:55:00
-8.0,-16.0,0,0.0,0.0,2017-02-06 17:01:00
-3.0,-29.0,0,0.0,0.0,2017-02-06 12:59:00
-7.0,-1.0,0,0.0,0.0,2017-02-06 17:25:00
-3.0,3.0,0,0.0,0.0,2017-02-06 12:37:00
-3.0,-21.0,0,0.0,0.0,2017-02-07 05:57:00
-6.0,-7.0,0,0.0,0.0,2017-02-07 06:03:00
-10.0,-20.0,0,0.0,0.0,2017-02-07 17:05:00
-14.0,-17.0,0,0.0,0.0,2017-02-07 17:46:00
-5.0,-24.0,0,0.0,0.0,2017-02-07 05:40:00
-6.0,-16.0,0,0.0,0.0,2017-02-07 12:34:00
-8.0,-7.0,0,0.0,0.0,2017-02-07 17:24:00
-6.0,-7.0,0,0.0,0.0,2017-02-08 05:54:00
-3.0,-7.0,0,0.0,0.0,2017-02-08 06:06:00
-5.0,-10.0,0,0.0,0.0,2017-02-08 17:55:00
-3.0,1.0,0,0.0,0.0,2017-02-08 05:42:00
-4.0,-1.0,0,0.0,0.0,2017-02-08 12:36:00
-7.0,-11.0,0,0.0,0.0,2017-02-08 17:25:00
-6.0,122.0,0,0.0,0.0,2017-02-09 05:54:00
-5.0,-1.0,0,0.0,0.0,2017-02-09 12:35:00
-4.0,1.0,0,0.0,0.0,2017-02-09 17:28:00
0.0,41.0,0,0.0,0.0,2017-02-10 06:00:00
-2.0,-21.0,0,0.0,0.0,2017-02-10 17:07:00
0.0,-25.0,0,0.0,0.0,2017-02-10 18:00:00
-5.0,-33.0,0,0.0,0.0,2017-02-10 12:57:00
-4.0,-4.0,0,0.0,0.0,2017-02-10 05:41:00
-5.0,-21.0,0,0.0,0.0,2017-02-10 12:35:00
3.0,-3.0,0,0.0,0.0,2017-02-11 06:03:00
9.0,16.0,0,9.0,0.0,2017-02-11 06:18:00
-2.0,-19.0,0,0.0,0.0,2017-02-12 06:38:00
-1.0,-1.0,0,0.0,0.0,2017-02-12 06:08:00
-2.0,-12.0,0,0.0,0.0,2017-02-12 17:58:00
10.0,17.0,0,0.0,0.0,2017-02-12 17:42:00
-5.0,15.0,0,0.0,0.0,2017-02-12 12:35:00
-2.0,-5.0,0,0.0,0.0,2017-02-12 05:43:00
-1.0,-21.0,0,0.0,0.0,2017-02-13 05:59:00
-2.0,-12.0,0,0.0,0.0,2017-02-13 06:07:00
-5.0,-21.0,0,0.0,0.0,2017-02-13 17:55:00
-2.0,-25.0,0,0.0,0.0,2017-02-13 13:00:00
-9.0,-7.0,0,0.0,0.0,2017-02-13 17:00:00
0.0,0.0,0,0.0,0.0,2017-02-13 05:45:00
12.0,-6.0,0,0.0,0.0,2017-02-13 17:44:00
-3.0,0.0,0,0.0,0.0,2017-02-13 12:37:00
-3.0,-15.0,0,0.0,0.0,2017-02-14 05:57:00
-4.0,-24.0,0,0.0,0.0,2017-02-14 17:56:00
-2.0,14.0,0,0.0,0.0,2017-02-14 06:07:00
-10.0,-2.0,0,0.0,0.0,2017-02-14 17:05:00
-4.0,-12.0,0,0.0,0.0,2017-02-14 05:41:00
-5.0,-9.0,0,0.0,0.0,2017-02-14 17:27:00
47.0,42.0,0,42.0,0.0,2017-02-14 13:27:00
-3.0,3.0,0,0.0,0.0,2017-02-15 05:57:00
-1.0,-2.0,0,0.0,0.0,2017-02-15 06:08:00
-8.0,-17.0,0,0.0,0.0,2017-02-15 17:52:00
-4.0,-4.0,0,0.0,0.0,2017-02-15 05:41:00
-13.0,-19.0,0,0.0,0.0,2017-02-15 12:27:00
-2.0,0.0,0,0.0,0.0,2017-02-15 17:30:00
-3.0,-16.0,0,0.0,0.0,2017-02-16 05:57:00
-1.0,-25.0,0,0.0,0.0,2017-02-16 06:09:00
7.0,-25.0,0,0.0,0.0,2017-02-16 13:09:00
72.0,47.0,0,0.0,0.0,2017-02-16 19:12:00
-1.0,-19.0,0,0.0,0.0,2017-02-16 05:44:00
-5.0,-1.0,0,0.0,0.0,2017-02-16 12:35:00
8.0,1.0,0,0.0,0.0,2017-02-16 17:40:00
-1.0,-21.0,0,0.0,0.0,2017-02-17 05:59:00
-3.0,-37.0,0,0.0,0.0,2017-02-17 18:34:00
-2.0,-24.0,0,0.0,0.0,2017-02-17 12:53:00
-2.0,-32.0,0,0.0,0.0,2017-02-17 05:43:00
-1.0,-12.0,0,0.0,0.0,2017-02-18 05:59:00
-3.0,-32.0,0,0.0,0.0,2017-02-19 06:47:00
-3.0,-17.0,0,0.0,0.0,2017-02-20 05:57:00
-5.0,-26.0,0,0.0,0.0,2017-02-20 12:50:00
17.0,-10.0,0,0.0,0.0,2017-02-20 18:54:00
-5.0,-13.0,0,0.0,0.0,2017-02-21 05:55:00
-5.0,-23.0,0,0.0,0.0,2017-02-21 12:50:00
-1.0,-7.0,0,0.0,0.0,2017-02-22 05:59:00
-7.0,-21.0,0,0.0,0.0,2017-02-22 12:48:00
-3.0,-3.0,0,0.0,0.0,2017-02-23 05:57:00
-6.0,-37.0,0,0.0,0.0,2017-02-23 12:49:00
-4.0,-28.0,0,0.0,0.0,2017-02-23 18:33:00
-3.0,-20.0,0,0.0,0.0,2017-02-24 05:57:00
-8.0,-31.0,0,0.0,0.0,2017-02-24 12:47:00
-9.0,-33.0,0,0.0,0.0,2017-02-24 18:28:00
-2.0,-5.0,0,0.0,0.0,2017-02-25 05:58:00
-2.0,-4.0,0,0.0,0.0,2017-02-26 06:43:00
-4.0,8.0,0,0.0,0.0,2017-02-26 18:33:00
17.0,26.0,0,17.0,0.0,2017-02-27 06:17:00
-5.0,-21.0,0,0.0,0.0,2017-02-27 18:32:00
-3.0,-8.0,0,0.0,0.0,2017-02-28 05:57:00
-4.0,4.0,0,0.0,0.0,2017-02-28 12:51:00
-2.0,-19.0,0,0.0,0.0,2017-03-01 05:58:00
-1.0,8.0,0,0.0,0.0,2017-03-01 12:54:00
6.0,4.0,0,0.0,0.0,2017-03-02 06:06:00
141.0,136.0,0,0.0,0.0,2017-03-02 15:18:00
-11.0,-27.0,0,0.0,0.0,2017-03-02 18:26:00
-3.0,-3.0,0,0.0,0.0,2017-03-02 12:32:00
18.0,21.0,0,1.0,0.0,2017-03-02 17:52:00
-3.0,-10.0,0,0.0,0.0,2017-03-03 05:57:00
-3.0,-31.0,0,0.0,0.0,2017-03-03 12:54:00
6.0,-12.0,0,0.0,0.0,2017-03-03 18:43:00
-5.0,-16.0,0,0.0,0.0,2017-03-03 05:40:00
1.0,-4.0,0,0.0,0.0,2017-03-03 12:36:00
15.0,10.0,0,0.0,0.0,2017-03-03 17:49:00
0.0,-2.0,0,0.0,0.0,2017-03-04 06:00:00
-4.0,1.0,0,0.0,0.0,2017-03-04 16:41:00
-4.0,37.0,0,0.0,0.0,2017-03-04 05:41:00
-3.0,-25.0,0,0.0,0.0,2017-03-05 06:42:00
-9.0,-20.0,0,0.0,0.0,2017-03-05 06:01:00
-12.0,-37.0,0,0.0,0.0,2017-03-05 18:25:00
-8.0,-3.0,0,0.0,0.0,2017-03-05 12:27:00
-10.0,-20.0,0,0.0,0.0,2017-03-05 17:24:00
-5.0,-6.0,0,0.0,0.0,2017-03-05 05:40:00
2.0,-11.0,0,0.0,0.0,2017-03-06 06:02:00
-3.0,-30.0,0,0.0,0.0,2017-03-06 12:54:00
-9.0,-40.0,0,0.0,0.0,2017-03-06 18:28:00
-5.0,-18.0,0,0.0,0.0,2017-03-06 05:40:00
3.0,1.0,0,0.0,0.0,2017-03-06 17:37:00
-5.0,-2.0,0,0.0,0.0,2017-03-06 12:30:00
-2.0,-6.0,0,0.0,0.0,2017-03-07 05:58:00
-5.0,-25.0,0,0.0,0.0,2017-03-07 12:52:00
4.0,-9.0,0,0.0,0.0,2017-03-07 05:49:00
12.0,10.0,0,0.0,0.0,2017-03-07 12:47:00
2.0,0.0,0,0.0,0.0,2017-03-07 17:36:00
-2.0,-11.0,0,0.0,0.0,2017-03-08 05:58:00
-10.0,-29.0,0,0.0,0.0,2017-03-08 12:47:00
85.0,87.0,0,0.0,0.0,2017-03-08 18:59:00
-5.0,-25.0,0,0.0,0.0,2017-03-08 05:40:00
-4.0,-5.0,0,0.0,0.0,2017-03-08 12:31:00
-3.0,-15.0,0,0.0,0.0,2017-03-09 05:57:00
-10.0,-28.0,0,0.0,0.0,2017-03-09 18:15:00
1.0,-16.0,0,0.0,0.0,2017-03-09 13:10:00
-5.0,23.0,0,0.0,0.0,2017-03-09 05:40:00
-4.0,0.0,0,0.0,0.0,2017-03-09 17:26:00
-4.0,2.0,0,0.0,0.0,2017-03-09 12:42:00
-1.0,70.0,0,0.0,0.0,2017-03-10 05:59:00
61.0,64.0,0,3.0,0.0,2017-03-10 19:26:00
-3.0,-14.0,0,0.0,0.0,2017-03-10 13:06:00
-3.0,17.0,0,0.0,0.0,2017-03-10 05:42:00
-3.0,75.0,0,0.0,0.0,2017-03-10 17:27:00
-2.0,-7.0,0,0.0,0.0,2017-03-10 12:44:00
-2.0,-7.0,0,0.0,0.0,2017-03-11 06:38:00
9.0,-11.0,0,0.0,0.0,2017-03-11 13:59:00
-5.0,24.0,0,0.0,0.0,2017-03-11 05:40:00
-6.0,-2.0,0,0.0,0.0,2017-03-11 17:24:00
2.0,9.0,0,0.0,0.0,2017-03-12 06:02:00
4.0,8.0,0,0.0,0.0,2017-03-12 13:13:00
6.0,21.0,0,5.0,0.0,2017-03-12 12:52:00
54.0,51.0,0,10.0,0.0,2017-03-12 18:24:00
16.0,28.0,0,16.0,0.0,2017-03-13 06:16:00
18.0,9.0,0,0.0,0.0,2017-03-13 13:04:00
1.0,9.0,0,0.0,0.0,2017-03-13 05:46:00
124.0,170.0,0,4.0,0.0,2017-03-13 19:34:00
92.0,78.0,0,38.0,40.0,2017-03-15 07:32:00
4.0,-10.0,0,0.0,0.0,2017-03-15 13:13:00
185.0,158.0,0,128.0,0.0,2017-03-15 21:30:00
-5.0,-15.0,0,0.0,0.0,2017-03-15 12:41:00
2.0,-7.0,0,0.0,0.0,2017-03-15 05:47:00
-3.0,16.0,0,0.0,0.0,2017-03-15 17:27:00
23.0,43.0,0,0.0,23.0,2017-03-16 06:23:00
22.0,2.0,0,0.0,0.0,2017-03-16 13:31:00
-6.0,-27.0,0,0.0,0.0,2017-03-16 18:19:00
-1.0,-7.0,0,0.0,0.0,2017-03-16 12:45:00
3.0,-7.0,0,0.0,0.0,2017-03-16 17:33:00
2.0,-3.0,0,0.0,0.0,2017-03-16 05:47:00
-1.0,-11.0,0,0.0,0.0,2017-03-17 05:59:00
38.0,14.0,0,0.0,0.0,2017-03-17 19:03:00
-4.0,-25.0,0,0.0,0.0,2017-03-17 13:05:00
-4.0,-19.0,0,0.0,0.0,2017-03-17 05:41:00
-5.0,-18.0,0,0.0,0.0,2017-03-17 12:41:00
40.0,34.0,0,30.0,0.0,2017-03-17 18:10:00
0.0,35.0,0,0.0,0.0,2017-03-18 06:40:00
-3.0,-10.0,0,0.0,0.0,2017-03-18 13:47:00
-7.0,-14.0,0,0.0,0.0,2017-03-18 17:23:00
1.0,-6.0,0,0.0,0.0,2017-03-18 05:46:00
-1.0,-14.0,0,0.0,0.0,2017-03-19 05:59:00
52.0,20.0,0,0.0,0.0,2017-03-19 14:01:00
150.0,123.0,0,0.0,0.0,2017-03-19 20:55:00
-9.0,-16.0,0,0.0,0.0,2017-03-19 12:37:00
-7.0,-17.0,0,0.0,0.0,2017-03-19 17:23:00
13.0,20.0,0,13.0,0.0,2017-03-20 06:13:00
-9.0,-35.0,0,0.0,0.0,2017-03-20 13:00:00
-5.0,-19.0,0,0.0,0.0,2017-03-20 18:20:00
-4.0,33.0,0,0.0,0.0,2017-03-20 05:41:00
-3.0,8.0,0,0.0,0.0,2017-03-20 17:27:00
48.0,36.0,0,0.0,0.0,2017-03-20 13:34:00
-3.0,-13.0,0,0.0,0.0,2017-03-21 05:57:00
-3.0,-16.0,0,0.0,0.0,2017-03-21 13:06:00
-16.0,-21.0,0,0.0,0.0,2017-03-21 18:09:00
-12.0,-21.0,0,0.0,0.0,2017-03-21 12:34:00
-20.0,-14.0,0,0.0,0.0,2017-03-21 17:10:00
-10.0,-21.0,0,0.0,0.0,2017-03-21 05:35:00
-5.0,-12.0,0,0.0,0.0,2017-03-22 05:55:00
-5.0,-27.0,0,0.0,0.0,2017-03-22 18:20:00
-5.0,-25.0,0,0.0,0.0,2017-03-22 13:04:00
0.0,-5.0,0,0.0,0.0,2017-03-22 12:46:00
-2.0,-5.0,0,0.0,0.0,2017-03-22 05:43:00
0.0,-2.0,0,0.0,0.0,2017-03-22 17:30:00
-1.0,-6.0,0,0.0,0.0,2017-03-23 05:59:00
-4.0,-19.0,0,0.0,0.0,2017-03-23 18:21:00
-5.0,-20.0,0,0.0,0.0,2017-03-23 13:04:00
-1.0,-14.0,0,0.0,0.0,2017-03-23 17:29:00
-1.0,-2.0,0,0.0,0.0,2017-03-23 12:45:00
-4.0,-13.0,0,0.0,0.0,2017-03-23 05:41:00
-3.0,-11.0,0,0.0,0.0,2017-03-24 05:57:00
-8.0,-27.0,0,0.0,0.0,2017-03-24 18:17:00
147.0,130.0,0,0.0,0.0,2017-03-24 15:36:00
-4.0,21.0,0,0.0,0.0,2017-03-24 05:41:00
-9.0,-20.0,0,0.0,0.0,2017-03-24 12:37:00
-5.0,-14.0,0,0.0,0.0,2017-03-24 17:25:00
-7.0,0.0,0,0.0,0.0,2017-03-25 06:33:00
-6.0,-16.0,0,0.0,0.0,2017-03-25 13:44:00
-11.0,-21.0,0,0.0,0.0,2017-03-25 05:34:00
6.0,7.0,0,0.0,0.0,2017-03-25 17:36:00
-3.0,-2.0,0,0.0,0.0,2017-03-26 05:57:00
-2.0,0.0,0,0.0,0.0,2017-03-26 13:07:00
-8.0,-21.0,0,0.0,0.0,2017-03-26 18:17:00
7.0,16.0,0,6.0,0.0,2017-03-26 12:53:00
-2.0,8.0,0,0.0,0.0,2017-03-26 17:28:00
3.0,2.0,0,0.0,0.0,2017-03-27 06:03:00
1.0,-16.0,0,0.0,0.0,2017-03-27 18:26:00
0.0,-6.0,0,0.0,0.0,2017-03-27 13:09:00
6.0,0.0,0,0.0,0.0,2017-03-27 17:36:00
10.0,-1.0,0,0.0,0.0,2017-03-27 12:56:00
0.0,3.0,0,0.0,0.0,2017-03-27 05:45:00
-6.0,-14.0,0,0.0,0.0,2017-03-28 05:54:00
52.0,36.0,0,0.0,0.0,2017-03-28 14:01:00
-10.0,-31.0,0,0.0,0.0,2017-03-28 18:15:00
-5.0,-23.0,0,0.0,0.0,2017-03-28 12:41:00
-2.0,-24.0,0,0.0,0.0,2017-03-28 05:43:00
-10.0,-19.0,0,0.0,0.0,2017-03-28 17:20:00
-3.0,-10.0,0,0.0,0.0,2017-03-29 05:57:00
-4.0,-27.0,0,0.0,0.0,2017-03-29 18:21:00
-11.0,-30.0,0,0.0,0.0,2017-03-29 12:58:00
-6.0,3.0,0,0.0,0.0,2017-03-29 17:24:00
-12.0,-15.0,0,0.0,0.0,2017-03-29 12:34:00
-4.0,-28.0,0,0.0,0.0,2017-03-29 05:41:00
-2.0,-1.0,0,0.0,0.0,2017-03-30 05:58:00
-2.0,-16.0,0,0.0,0.0,2017-03-30 18:23:00
-4.0,-24.0,0,0.0,0.0,2017-03-30 13:05:00
54.0,38.0,0,0.0,0.0,2017-03-30 13:40:00
11.0,16.0,0,3.0,0.0,2017-03-30 17:41:00
-6.0,-32.0,0,0.0,0.0,2017-03-30 05:39:00
-5.0,3.0,0,0.0,0.0,2017-03-31 05:55:00
46.0,30.0,0,0.0,0.0,2017-03-31 13:55:00
8.0,-1.0,0,0.0,0.0,2017-03-31 18:33:00
-9.0,-34.0,0,0.0,0.0,2017-03-31 05:36:00
204.0,190.0,0,0.0,0.0,2017-03-31 20:54:00
-3.0,7.0,0,0.0,0.0,2017-03-31 12:43:00
-5.0,-20.0,0,0.0,0.0,2017-04-01 06:25:00
1.0,-19.0,0,0.0,0.0,2017-04-01 13:04:00
-9.0,-13.0,0,0.0,0.0,2017-04-01 05:51:00
-10.0,-14.0,0,0.0,0.0,2017-04-02 05:30:00
-5.0,-1.0,0,0.0,0.0,2017-04-02 18:00:00
-2.0,-22.0,0,0.0,0.0,2017-04-02 13:01:00
-4.0,-27.0,0,0.0,0.0,2017-04-02 17:31:00
-5.0,1.0,0,0.0,0.0,2017-04-02 13:04:00
-5.0,-7.0,0,0.0,0.0,2017-04-03 05:35:00
125.0,157.0,0,30.0,0.0,2017-04-03 15:08:00
-8.0,-14.0,0,0.0,0.0,2017-04-03 05:52:00
10.0,12.0,0,0.0,0.0,2017-04-03 17:45:00
-5.0,0.0,0,0.0,0.0,2017-04-03 13:04:00
-8.0,-18.0,0,0.0,0.0,2017-04-04 17:57:00
-1.0,-13.0,0,0.0,0.0,2017-04-04 13:02:00
-4.0,-12.0,0,0.0,0.0,2017-04-04 05:56:00
68.0,67.0,0,0.0,0.0,2017-04-04 18:43:00
-3.0,-8.0,0,0.0,0.0,2017-04-05 05:37:00
-5.0,-22.0,0,0.0,0.0,2017-04-05 05:55:00
-1.0,-7.0,0,0.0,0.0,2017-04-05 17:34:00
125.0,117.0,0,48.0,0.0,2017-04-06 15:08:00
0.0,-5.0,0,0.0,0.0,2017-04-06 06:00:00
58.0,59.0,0,6.0,0.0,2017-04-06 18:33:00
95.0,70.0,0,5.0,0.0,2017-04-07 14:38:00
65.0,72.0,0,21.0,0.0,2017-04-07 19:10:00
154.0,141.0,0,10.0,0.0,2017-04-07 20:09:00
976.0,962.0,0,962.0,0.0,2017-04-07 22:16:00
-1.0,-18.0,0,0.0,0.0,2017-04-08 06:29:00
11.0,-6.0,0,0.0,0.0,2017-04-08 13:14:00
519.0,509.0,0,509.0,0.0,2017-04-08 14:39:00
24.0,-4.0,0,0.0,0.0,2017-04-09 06:04:00
21.0,17.0,0,0.0,0.0,2017-04-09 18:26:00
3.0,-14.0,0,0.0,0.0,2017-04-09 13:06:00
8.0,-7.0,0,0.0,0.0,2017-04-09 17:43:00
-5.0,-2.0,0,0.0,0.0,2017-04-09 13:04:00
14.0,-3.0,0,0.0,0.0,2017-04-10 05:54:00
-8.0,-34.0,0,0.0,0.0,2017-04-10 12:55:00
15.0,-9.0,0,0.0,0.0,2017-04-10 18:20:00
-5.0,-10.0,0,0.0,0.0,2017-04-10 17:30:00
101.0,86.0,0,86.0,0.0,2017-04-10 07:41:00
3.0,-1.0,0,0.0,0.0,2017-04-11 05:43:00
-8.0,-28.0,0,0.0,0.0,2017-04-11 12:55:00
87.0,60.0,0,0.0,0.0,2017-04-11 19:32:00
-7.0,-6.0,0,0.0,0.0,2017-04-11 17:28:00
-4.0,-22.0,0,0.0,0.0,2017-04-11 05:56:00
12.0,-6.0,0,0.0,0.0,2017-04-12 05:52:00
-3.0,-26.0,0,0.0,0.0,2017-04-12 13:00:00
0.0,-27.0,0,0.0,0.0,2017-04-12 18:05:00
-6.0,-2.0,0,0.0,0.0,2017-04-12 17:29:00
0.0,-4.0,0,0.0,0.0,2017-04-12 06:00:00
-2.0,-7.0,0,0.0,0.0,2017-04-13 05:38:00
131.0,119.0,0,0.0,0.0,2017-04-13 20:16:00
6.0,-6.0,0,0.0,0.0,2017-04-13 13:09:00
-4.0,-7.0,0,0.0,0.0,2017-04-13 17:31:00
-6.0,-29.0,0,0.0,0.0,2017-04-13 05:54:00
23.0,1.0,0,0.0,0.0,2017-04-14 06:03:00
-11.0,-38.0,0,0.0,0.0,2017-04-14 12:52:00
-9.0,-23.0,0,0.0,0.0,2017-04-14 17:56:00
-7.0,-17.0,0,0.0,0.0,2017-04-14 05:53:00
-14.0,-21.0,0,0.0,0.0,2017-04-14 17:21:00
-1.0,-15.0,0,0.0,0.0,2017-04-15 06:29:00
-5.0,-21.0,0,0.0,0.0,2017-04-15 12:58:00
-10.0,-9.0,0,0.0,0.0,2017-04-15 05:50:00
-1.0,-18.0,0,0.0,0.0,2017-04-16 06:29:00
58.0,37.0,0,0.0,0.0,2017-04-16 14:01:00
-5.0,-8.0,0,0.0,0.0,2017-04-16 17:30:00
-3.0,-24.0,0,0.0,0.0,2017-04-17 05:37:00
-5.0,-17.0,0,0.0,0.0,2017-04-17 12:58:00
-3.0,-15.0,0,0.0,0.0,2017-04-17 18:02:00
13.0,23.0,0,0.0,0.0,2017-04-17 17:48:00
-6.0,-8.0,0,0.0,0.0,2017-04-17 05:54:00
-2.0,-9.0,0,0.0,0.0,2017-04-18 05:38:00
-6.0,-27.0,0,0.0,0.0,2017-04-18 17:59:00
-7.0,-21.0,0,0.0,0.0,2017-04-18 12:56:00
-10.0,-30.0,0,0.0,0.0,2017-04-18 17:25:00
-5.0,-19.0,0,0.0,0.0,2017-04-18 05:55:00
-3.0,-15.0,0,0.0,0.0,2017-04-19 05:37:00
-3.0,-10.0,0,0.0,0.0,2017-04-19 18:02:00
6.0,-4.0,0,0.0,0.0,2017-04-19 13:09:00
274.0,276.0,0,0.0,0.0,2017-04-19 22:09:00
-6.0,-14.0,0,0.0,0.0,2017-04-19 05:54:00
-1.0,-9.0,0,0.0,0.0,2017-04-20 05:39:00
-1.0,-11.0,0,0.0,0.0,2017-04-20 18:04:00
6.0,-15.0,0,0.0,0.0,2017-04-20 13:09:00
-6.0,-17.0,0,0.0,0.0,2017-04-20 05:54:00
215.0,207.0,0,177.0,0.0,2017-04-20 21:10:00
0.0,-3.0,0,0.0,0.0,2017-04-21 05:40:00
41.0,33.0,0,0.0,0.0,2017-04-21 13:44:00
-1.0,-9.0,0,0.0,0.0,2017-04-21 18:04:00
-5.0,-13.0,0,0.0,0.0,2017-04-21 17:30:00
-5.0,-16.0,0,0.0,0.0,2017-04-21 05:55:00
2.0,-7.0,0,0.0,0.0,2017-04-22 06:32:00
-5.0,-13.0,0,0.0,0.0,2017-04-22 12:58:00
-6.0,-8.0,0,0.0,0.0,2017-04-22 05:54:00
0.0,-7.0,0,0.0,0.0,2017-04-23 05:40:00
-11.0,-10.0,0,0.0,0.0,2017-04-23 12:52:00
30.0,26.0,0,0.0,0.0,2017-04-23 18:35:00
-10.0,-14.0,0,0.0,0.0,2017-04-23 12:59:00
1.0,0.0,0,0.0,0.0,2017-04-23 17:36:00
-6.0,-12.0,0,0.0,0.0,2017-04-24 05:34:00
-4.0,-20.0,0,0.0,0.0,2017-04-24 18:01:00
15.0,-3.0,0,0.0,0.0,2017-04-24 13:18:00
7.0,-6.0,0,0.0,0.0,2017-04-24 17:42:00
-9.0,-21.0,0,0.0,0.0,2017-04-24 05:51:00
-3.0,-25.0,0,0.0,0.0,2017-04-25 05:37:00
-9.0,-35.0,0,0.0,0.0,2017-04-25 17:56:00
24.0,0.0,0,0.0,0.0,2017-04-25 13:27:00
-4.0,-25.0,0,0.0,0.0,2017-04-25 05:56:00
-13.0,-34.0,0,0.0,0.0,2017-04-25 17:22:00
0.0,-19.0,0,0.0,0.0,2017-04-26 05:40:00
0.0,-21.0,0,0.0,0.0,2017-04-26 13:03:00
-6.0,-2.0,0,0.0,0.0,2017-04-26 17:59:00
-5.0,-27.0,0,0.0,0.0,2017-04-26 05:55:00
-6.0,-14.0,0,0.0,0.0,2017-04-26 17:29:00
-6.0,-17.0,0,0.0,0.0,2017-04-27 05:34:00
-5.0,-11.0,0,0.0,0.0,2017-04-27 12:58:00
4.0,1.0,0,0.0,0.0,2017-04-27 18:09:00
-5.0,-24.0,0,0.0,0.0,2017-04-27 05:55:00
-1.0,-12.0,0,0.0,0.0,2017-04-27 17:34:00
-8.0,-6.0,0,0.0,0.0,2017-04-28 05:32:00
-5.0,-13.0,0,0.0,0.0,2017-04-28 12:58:00
-6.0,-11.0,0,0.0,0.0,2017-04-28 17:59:00
-11.0,-19.0,0,0.0,0.0,2017-04-28 17:24:00
-4.0,-25.0,0,0.0,0.0,2017-04-28 05:56:00
-5.0,-13.0,0,0.0,0.0,2017-04-29 06:25:00
112.0,100.0,0,0.0,0.0,2017-04-29 14:55:00
-9.0,-21.0,0,0.0,0.0,2017-04-29 05:51:00
6.0,1.0,0,0.0,0.0,2017-04-30 05:46:00
-9.0,-15.0,0,0.0,0.0,2017-04-30 12:54:00
5.0,-2.0,0,0.0,0.0,2017-04-30 18:10:00
-8.0,0.0,0,0.0,0.0,2017-04-30 13:01:00
-5.0,-6.0,0,0.0,0.0,2017-04-30 17:30:00
-4.0,-4.0,0,0.0,0.0,2017-05-01 05:31:00
56.0,50.0,0,0.0,0.0,2017-05-01 14:02:00
-13.0,-17.0,0,0.0,0.0,2017-05-01 18:07:00
27.0,28.0,0,0.0,0.0,2017-05-01 18:02:00
-5.0,-11.0,0,0.0,0.0,2017-05-01 05:55:00
6.0,15.0,0,3.0,0.0,2017-05-01 13:15:00
-1.0,9.0,0,0.0,0.0,2017-05-02 05:34:00
-6.0,-12.0,0,0.0,0.0,2017-05-02 13:00:00
-9.0,-15.0,0,0.0,0.0,2017-05-02 18:11:00
-6.0,-18.0,0,0.0,0.0,2017-05-02 05:54:00
-19.0,-30.0,0,0.0,0.0,2017-05-02 17:16:00
-2.0,-8.0,0,0.0,0.0,2017-05-03 05:33:00
3.0,6.0,0,0.0,0.0,2017-05-03 18:23:00
-7.0,5.0,0,0.0,0.0,2017-05-03 12:59:00
-7.0,-12.0,0,0.0,0.0,2017-05-03 17:28:00
-5.0,-23.0,0,0.0,0.0,2017-05-03 05:55:00
-3.0,2.0,0,0.0,0.0,2017-05-04 05:32:00
-7.0,3.0,0,0.0,0.0,2017-05-04 18:13:00
-1.0,21.0,0,0.0,0.0,2017-05-04 13:05:00
-5.0,-11.0,0,0.0,0.0,2017-05-04 17:30:00
-11.0,-7.0,0,0.0,0.0,2017-05-04 05:49:00
-5.0,-2.0,0,0.0,0.0,2017-05-05 05:30:00
-4.0,-3.0,0,0.0,0.0,2017-05-05 18:16:00
-5.0,-3.0,0,0.0,0.0,2017-05-05 13:01:00
-10.0,-9.0,0,0.0,0.0,2017-05-05 12:59:00
-4.0,3.0,0,0.0,0.0,2017-05-05 17:31:00
-6.0,-15.0,0,0.0,0.0,2017-05-05 05:54:00
-5.0,-16.0,0,0.0,0.0,2017-05-06 06:25:00
-10.0,-28.0,0,0.0,0.0,2017-05-06 12:56:00
-2.0,-2.0,0,0.0,0.0,2017-05-06 17:33:00
-2.0,-17.0,0,0.0,0.0,2017-05-06 05:58:00
-5.0,-11.0,0,0.0,0.0,2017-05-07 05:30:00
-5.0,-12.0,0,0.0,0.0,2017-05-07 06:25:00
63.0,40.0,0,0.0,0.0,2017-05-07 14:09:00
-6.0,-27.0,0,0.0,0.0,2017-05-07 18:14:00
-5.0,-14.0,0,0.0,0.0,2017-05-07 17:30:00
-5.0,-15.0,0,0.0,0.0,2017-05-07 13:04:00
-6.0,-14.0,0,0.0,0.0,2017-05-08 05:29:00
-1.0,-20.0,0,0.0,0.0,2017-05-08 18:19:00
-9.0,-23.0,0,0.0,0.0,2017-05-08 12:57:00
-8.0,-18.0,0,0.0,0.0,2017-05-08 05:52:00
-6.0,-6.0,0,0.0,0.0,2017-05-08 13:03:00
-15.0,-27.0,0,0.0,0.0,2017-05-08 17:20:00
-11.0,-12.0,0,0.0,0.0,2017-05-09 05:24:00
-8.0,-18.0,0,0.0,0.0,2017-05-09 18:12:00
4.0,0.0,0,0.0,0.0,2017-05-09 13:10:00
-7.0,-11.0,0,0.0,0.0,2017-05-09 17:28:00
-9.0,-33.0,0,0.0,0.0,2017-05-09 05:51:00
-2.0,-12.0,0,0.0,0.0,2017-05-10 05:33:00
-9.0,-10.0,0,0.0,0.0,2017-05-10 18:11:00
207.0,199.0,0,0.0,0.0,2017-05-10 16:33:00
2.0,-19.0,0,0.0,0.0,2017-05-10 06:02:00
-14.0,-22.0,0,0.0,0.0,2017-05-10 17:21:00
-1.0,-10.0,0,0.0,0.0,2017-05-11 05:34:00
39.0,26.0,0,0.0,0.0,2017-05-11 18:59:00
-5.0,-16.0,0,0.0,0.0,2017-05-11 13:01:00
-4.0,-14.0,0,0.0,0.0,2017-05-11 17:31:00
-3.0,-28.0,0,0.0,0.0,2017-05-11 05:57:00
-4.0,-8.0,0,0.0,0.0,2017-05-12 05:31:00
-10.0,-24.0,0,0.0,0.0,2017-05-12 12:56:00
0.0,-7.0,0,0.0,0.0,2017-05-12 18:20:00
-10.0,-23.0,0,0.0,0.0,2017-05-12 05:50:00
-3.0,-3.0,0,0.0,0.0,2017-05-12 17:32:00
-10.0,-5.0,0,0.0,0.0,2017-05-12 12:59:00
-2.0,-7.0,0,0.0,0.0,2017-05-13 06:28:00
-1.0,-8.0,0,0.0,0.0,2017-05-13 13:05:00
-8.0,-35.0,0,0.0,0.0,2017-05-13 05:52:00
-5.0,-17.0,0,0.0,0.0,2017-05-13 17:30:00
5.0,-10.0,0,0.0,0.0,2017-05-14 05:40:00
-9.0,-20.0,0,0.0,0.0,2017-05-14 06:21:00
2.0,-11.0,0,0.0,0.0,2017-05-14 13:08:00
13.0,5.0,0,0.0,0.0,2017-05-14 13:22:00
-4.0,-13.0,0,0.0,0.0,2017-05-15 05:31:00
-7.0,-23.0,0,0.0,0.0,2017-05-15 12:59:00
-8.0,-28.0,0,0.0,0.0,2017-05-15 18:12:00
-5.0,-4.0,0,0.0,0.0,2017-05-15 13:04:00
-5.0,-15.0,0,0.0,0.0,2017-05-15 17:30:00
-9.0,-28.0,0,0.0,0.0,2017-05-15 05:51:00
-4.0,-16.0,0,0.0,0.0,2017-05-16 05:31:00
-6.0,-27.0,0,0.0,0.0,2017-05-16 18:14:00
-4.0,-28.0,0,0.0,0.0,2017-05-16 13:02:00
-7.0,-21.0,0,0.0,0.0,2017-05-16 05:53:00
-9.0,-5.0,0,0.0,0.0,2017-05-16 17:26:00
826.0,817.0,0,817.0,0.0,2017-05-17 19:21:00
-9.0,-23.0,0,0.0,0.0,2017-05-17 18:11:00
-5.0,-21.0,0,0.0,0.0,2017-05-17 13:01:00
-5.0,-18.0,0,0.0,0.0,2017-05-17 17:30:00
-4.0,-13.0,0,0.0,0.0,2017-05-17 05:56:00
-2.0,-1.0,0,0.0,0.0,2017-05-18 05:33:00
3.0,10.0,0,0.0,0.0,2017-05-18 18:23:00
-5.0,-15.0,0,0.0,0.0,2017-05-18 13:01:00
39.0,31.0,0,0.0,0.0,2017-05-18 18:14:00
-1.0,2.0,0,0.0,0.0,2017-05-18 05:59:00
-3.0,-15.0,0,0.0,0.0,2017-05-19 05:32:00
0.0,2.0,0,0.0,0.0,2017-05-19 13:06:00
29.0,19.0,0,0.0,0.0,2017-05-19 18:49:00
-7.0,-23.0,0,0.0,0.0,2017-05-19 05:53:00
-8.0,3.0,0,0.0,0.0,2017-05-19 17:27:00
-9.0,-16.0,0,0.0,0.0,2017-05-19 13:00:00
-8.0,-20.0,0,0.0,0.0,2017-05-20 06:22:00
-5.0,-15.0,0,0.0,0.0,2017-05-20 13:01:00
-4.0,-1.0,0,0.0,0.0,2017-05-20 17:31:00
-4.0,-16.0,0,0.0,0.0,2017-05-20 05:56:00
18.0,20.0,0,18.0,0.0,2017-05-21 05:53:00
-3.0,4.0,0,0.0,0.0,2017-05-21 06:27:00
-4.0,-4.0,0,0.0,0.0,2017-05-21 13:02:00
67.0,53.0,0,0.0,0.0,2017-05-21 19:27:00
-9.0,-18.0,0,0.0,0.0,2017-05-21 13:00:00
-2.0,0.0,0,0.0,0.0,2017-05-21 17:33:00
123.0,120.0,0,120.0,0.0,2017-05-22 07:38:00
-4.0,-7.0,0,0.0,0.0,2017-05-22 13:02:00
75.0,61.0,0,0.0,0.0,2017-05-22 19:35:00
-1.0,-8.0,0,0.0,0.0,2017-05-22 13:08:00
78.0,74.0,0,0.0,0.0,2017-05-22 18:53:00
-4.0,-12.0,0,0.0,0.0,2017-05-22 05:56:00
-2.0,1.0,0,0.0,0.0,2017-05-23 05:33:00
-4.0,-12.0,0,0.0,0.0,2017-05-23 13:02:00
-6.0,-11.0,0,0.0,0.0,2017-05-23 18:14:00
-10.0,-15.0,0,0.0,0.0,2017-05-23 17:25:00
-2.0,-28.0,0,0.0,0.0,2017-05-23 05:58:00
23.0,52.0,0,23.0,0.0,2017-05-24 05:58:00
41.0,75.0,0,33.0,0.0,2017-05-24 13:47:00
0.0,1.0,0,0.0,0.0,2017-05-24 18:20:00
-4.0,-10.0,0,0.0,0.0,2017-05-24 05:56:00
-8.0,-6.0,0,0.0,0.0,2017-05-24 17:27:00
-2.0,1.0,0,0.0,0.0,2017-05-25 05:33:00
89.0,78.0,0,0.0,0.0,2017-05-25 14:35:00
84.0,73.0,0,0.0,0.0,2017-05-25 19:44:00
-5.0,-17.0,0,0.0,0.0,2017-05-25 17:30:00
-9.0,-21.0,0,0.0,0.0,2017-05-25 05:51:00
-1.0,-6.0,0,0.0,0.0,2017-05-26 05:34:00
5.0,-12.0,0,0.0,0.0,2017-05-26 18:25:00
-4.0,-16.0,0,0.0,0.0,2017-05-26 13:02:00
-5.0,4.0,0,0.0,0.0,2017-05-26 13:04:00
-7.0,-25.0,0,0.0,0.0,2017-05-26 05:53:00
0.0,-5.0,0,0.0,0.0,2017-05-26 17:35:00
405.0,400.0,0,400.0,0.0,2017-05-27 13:15:00
-7.0,-23.0,0,0.0,0.0,2017-05-27 12:59:00
-13.0,-26.0,0,0.0,0.0,2017-05-27 17:22:00
-6.0,-28.0,0,0.0,0.0,2017-05-27 05:54:00
-4.0,-10.0,0,0.0,0.0,2017-05-28 05:31:00
-5.0,-12.0,0,0.0,0.0,2017-05-28 18:15:00
-10.0,-5.0,0,0.0,0.0,2017-05-28 17:25:00
-11.0,-26.0,0,0.0,0.0,2017-05-28 12:58:00
-6.0,-3.0,0,0.0,0.0,2017-05-29 05:29:00
0.0,-13.0,0,0.0,0.0,2017-05-29 13:06:00
40.0,50.0,0,0.0,0.0,2017-05-29 19:00:00
-9.0,-1.0,0,0.0,0.0,2017-05-29 17:26:00
-4.0,1.0,0,0.0,0.0,2017-05-29 13:05:00
-10.0,-24.0,0,0.0,0.0,2017-05-29 05:50:00
-3.0,1.0,0,0.0,0.0,2017-05-30 05:32:00
-3.0,6.0,0,0.0,0.0,2017-05-30 13:03:00
-9.0,5.0,0,0.0,0.0,2017-05-30 18:11:00
10.0,8.0,0,0.0,0.0,2017-05-30 17:45:00
-5.0,-10.0,0,0.0,0.0,2017-05-30 05:55:00
-4.0,-5.0,0,0.0,0.0,2017-05-31 05:31:00
-8.0,-14.0,0,0.0,0.0,2017-05-31 12:58:00
-8.0,-17.0,0,0.0,0.0,2017-05-31 18:12:00
-20.0,-33.0,0,0.0,0.0,2017-05-31 17:15:00
-7.0,-23.0,0,0.0,0.0,2017-05-31 05:53:00
-2.0,15.0,0,0.0,0.0,2017-06-01 05:33:00
-1.0,6.0,0,0.0,0.0,2017-06-01 18:19:00
142.0,128.0,0,48.0,0.0,2017-06-01 15:28:00
46.0,41.0,0,0.0,0.0,2017-06-01 18:21:00
-9.0,-8.0,0,0.0,0.0,2017-06-01 05:51:00
-4.0,-11.0,0,0.0,0.0,2017-06-02 05:31:00
29.0,11.0,0,0.0,0.0,2017-06-02 18:49:00
-5.0,-6.0,0,0.0,0.0,2017-06-02 13:01:00
-11.0,-23.0,0,0.0,0.0,2017-06-02 17:24:00
-5.0,0.0,0,0.0,0.0,2017-06-02 13:04:00
-5.0,-4.0,0,0.0,0.0,2017-06-02 05:55:00
-3.0,-16.0,0,0.0,0.0,2017-06-03 06:27:00
-3.0,-19.0,0,0.0,0.0,2017-06-03 13:03:00
-4.0,0.0,0,0.0,0.0,2017-06-03 05:56:00
-10.0,-10.0,0,0.0,0.0,2017-06-03 17:25:00
7.0,-5.0,0,0.0,0.0,2017-06-04 05:42:00
19.0,30.0,0,11.0,0.0,2017-06-04 18:39:00
29.0,27.0,0,0.0,0.0,2017-06-04 13:35:00
-5.0,7.0,0,0.0,0.0,2017-06-04 13:04:00
-19.0,-4.0,0,0.0,0.0,2017-06-04 17:16:00
-5.0,-5.0,0,0.0,0.0,2017-06-05 05:30:00
-9.0,-11.0,0,0.0,0.0,2017-06-05 12:57:00
20.0,12.0,0,0.0,0.0,2017-06-05 18:40:00
16.0,3.0,0,0.0,0.0,2017-06-05 17:51:00
8.0,6.0,0,0.0,0.0,2017-06-05 13:17:00
0.0,45.0,0,0.0,0.0,2017-06-05 06:00:00
-6.0,-8.0,0,0.0,0.0,2017-06-06 05:29:00
-12.0,-11.0,0,0.0,0.0,2017-06-06 18:08:00
-1.0,-7.0,0,0.0,0.0,2017-06-06 17:34:00
-11.0,3.0,0,0.0,0.0,2017-06-06 05:49:00
-2.0,5.0,0,0.0,0.0,2017-06-07 05:33:00
-9.0,6.0,0,0.0,0.0,2017-06-07 18:11:00
-9.0,-6.0,0,0.0,0.0,2017-06-07 05:51:00
8.0,9.0,0,0.0,0.0,2017-06-07 17:43:00
-5.0,3.0,0,0.0,0.0,2017-06-08 05:30:00
-1.0,-10.0,0,0.0,0.0,2017-06-08 18:19:00
-3.0,-5.0,0,0.0,0.0,2017-06-08 13:03:00
1.0,-3.0,0,0.0,0.0,2017-06-08 17:36:00
-1.0,-7.0,0,0.0,0.0,2017-06-08 05:59:00
-4.0,-7.0,0,0.0,0.0,2017-06-09 05:31:00
-4.0,-15.0,0,0.0,0.0,2017-06-09 18:16:00
-10.0,-21.0,0,0.0,0.0,2017-06-09 12:56:00
-9.0,-5.0,0,0.0,0.0,2017-06-09 05:51:00
-9.0,-8.0,0,0.0,0.0,2017-06-09 17:26:00
-2.0,-11.0,0,0.0,0.0,2017-06-09 13:07:00
-3.0,-16.0,0,0.0,0.0,2017-06-10 06:27:00
-6.0,-26.0,0,0.0,0.0,2017-06-10 11:04:00
13.0,-6.0,0,0.0,0.0,2017-06-10 13:19:00
-9.0,-18.0,0,0.0,0.0,2017-06-10 17:26:00
-5.0,-16.0,0,0.0,0.0,2017-06-10 05:55:00
-1.0,-15.0,0,0.0,0.0,2017-06-11 05:34:00
-2.0,-20.0,0,0.0,0.0,2017-06-11 13:04:00
8.0,10.0,0,0.0,0.0,2017-06-11 06:43:00
3.0,0.0,0,0.0,0.0,2017-06-11 18:23:00
-16.0,-26.0,0,0.0,0.0,2017-06-11 12:53:00
9.0,-3.0,0,0.0,0.0,2017-06-11 17:44:00
-4.0,2.0,0,0.0,0.0,2017-06-12 06:11:00
5.0,-3.0,0,0.0,0.0,2017-06-12 13:10:00
-1.0,-16.0,0,0.0,0.0,2017-06-12 05:59:00
-1.0,-19.0,0,0.0,0.0,2017-06-12 12:34:00
179.0,171.0,0,171.0,0.0,2017-06-13 09:14:00
172.0,205.0,0,33.0,0.0,2017-06-13 20:12:00
-11.0,-27.0,0,0.0,0.0,2017-06-13 12:54:00
-2.0,-20.0,0,0.0,0.0,2017-06-13 12:33:00
-10.0,-6.0,0,0.0,0.0,2017-06-13 05:50:00
-3.0,-16.0,0,0.0,0.0,2017-06-14 06:12:00
-8.0,-18.0,0,0.0,0.0,2017-06-14 12:57:00
-8.0,-6.0,0,0.0,0.0,2017-06-14 12:27:00
-10.0,-27.0,0,0.0,0.0,2017-06-14 05:50:00
-3.0,-12.0,0,0.0,0.0,2017-06-15 06:12:00
-3.0,-12.0,0,0.0,0.0,2017-06-15 13:02:00
67.0,45.0,0,0.0,0.0,2017-06-15 13:42:00
-9.0,-12.0,0,0.0,0.0,2017-06-15 05:51:00
0.0,-2.0,0,0.0,0.0,2017-06-16 06:15:00
5.0,11.0,0,0.0,0.0,2017-06-16 13:10:00
-7.0,2.0,0,0.0,0.0,2017-06-16 05:53:00
-11.0,-21.0,0,0.0,0.0,2017-06-16 12:24:00
-7.0,-11.0,0,0.0,0.0,2017-06-17 06:38:00
5.0,0.0,0,0.0,0.0,2017-06-17 11:15:00
-10.0,-25.0,0,0.0,0.0,2017-06-17 13:50:00
-8.0,-17.0,0,0.0,0.0,2017-06-17 05:52:00
-3.0,-5.0,0,0.0,0.0,2017-06-18 05:57:00
-1.0,-11.0,0,0.0,0.0,2017-06-18 06:34:00
4.0,6.0,0,0.0,0.0,2017-06-18 12:39:00
15.0,4.0,0,0.0,0.0,2017-06-19 06:30:00
36.0,24.0,0,0.0,0.0,2017-06-19 13:41:00
-1.0,-14.0,0,0.0,0.0,2017-06-19 12:34:00
4.0,-3.0,0,0.0,0.0,2017-06-19 06:04:00
0.0,1.0,0,0.0,0.0,2017-06-20 06:15:00
-2.0,-2.0,0,0.0,0.0,2017-06-20 13:03:00
3.0,-5.0,0,0.0,0.0,2017-06-20 12:38:00
-4.0,-5.0,0,0.0,0.0,2017-06-20 05:56:00
-5.0,-1.0,0,0.0,0.0,2017-06-21 06:10:00
1.0,-14.0,0,0.0,0.0,2017-06-21 13:06:00
-8.0,-19.0,0,0.0,0.0,2017-06-21 05:52:00
-7.0,-19.0,0,0.0,0.0,2017-06-21 12:28:00
-3.0,4.0,0,0.0,0.0,2017-06-22 06:12:00
3.0,-5.0,0,0.0,0.0,2017-06-22 13:08:00
-6.0,-6.0,0,0.0,0.0,2017-06-22 05:54:00
-12.0,-29.0,0,0.0,0.0,2017-06-22 12:23:00
0.0,4.0,0,0.0,0.0,2017-06-23 06:15:00
44.0,39.0,0,0.0,0.0,2017-06-23 13:49:00
-9.0,-12.0,0,0.0,0.0,2017-06-23 05:51:00
11.0,-4.0,0,0.0,0.0,2017-06-23 12:46:00
-2.0,6.0,0,0.0,0.0,2017-06-24 06:43:00
-4.0,1.0,0,0.0,0.0,2017-06-24 11:06:00
-5.0,-15.0,0,0.0,0.0,2017-06-24 13:55:00
-11.0,-17.0,0,0.0,0.0,2017-06-24 05:49:00
-3.0,-5.0,0,0.0,0.0,2017-06-25 05:57:00
4.0,7.0,0,0.0,0.0,2017-06-25 13:09:00
-6.0,-5.0,0,0.0,0.0,2017-06-25 06:29:00
-10.0,-15.0,0,0.0,0.0,2017-06-25 12:25:00
-3.0,17.0,0,0.0,0.0,2017-06-26 06:12:00
42.0,36.0,0,36.0,0.0,2017-06-26 07:17:00
0.0,3.0,0,0.0,0.0,2017-06-26 13:05:00
-9.0,-15.0,0,0.0,0.0,2017-06-26 12:26:00
-9.0,4.0,0,0.0,0.0,2017-06-26 05:51:00
-2.0,1.0,0,0.0,0.0,2017-06-27 06:13:00
8.0,9.0,0,0.0,0.0,2017-06-27 13:13:00
97.0,82.0,0,36.0,0.0,2017-06-27 14:12:00
-5.0,-10.0,0,0.0,0.0,2017-06-27 05:55:00
-4.0,-8.0,0,0.0,0.0,2017-06-28 06:11:00
-4.0,-22.0,0,0.0,0.0,2017-06-28 13:01:00
-5.0,-3.0,0,0.0,0.0,2017-06-28 05:55:00
214.0,191.0,0,191.0,0.0,2017-06-28 16:09:00
-3.0,4.0,0,0.0,0.0,2017-06-29 06:12:00
-1.0,36.0,0,0.0,0.0,2017-06-29 13:04:00
-8.0,-24.0,0,0.0,0.0,2017-06-29 12:27:00
-10.0,-25.0,0,0.0,0.0,2017-06-29 05:50:00
-2.0,-6.0,0,0.0,0.0,2017-06-30 06:13:00
-4.0,-19.0,0,0.0,0.0,2017-06-30 13:01:00
-10.0,-8.0,0,0.0,0.0,2017-06-30 05:50:00
42.0,25.0,0,0.0,0.0,2017-06-30 13:17:00
-8.0,-5.0,0,0.0,0.0,2017-07-01 06:42:00
-5.0,2.0,0,0.0,0.0,2017-07-01 11:20:00
3.0,-5.0,0,0.0,0.0,2017-07-01 14:03:00
-5.0,10.0,0,0.0,0.0,2017-07-01 05:55:00
60.0,55.0,0,7.0,0.0,2017-07-01 18:38:00
-5.0,-13.0,0,0.0,0.0,2017-07-02 05:55:00
-7.0,29.0,0,0.0,0.0,2017-07-02 17:08:00
-13.0,-25.0,0,0.0,0.0,2017-07-02 13:47:00
-8.0,-20.0,0,0.0,0.0,2017-07-02 17:24:00
31.0,13.0,0,0.0,0.0,2017-07-02 13:11:00
0.0,-5.0,0,0.0,0.0,2017-07-03 06:00:00
-13.0,-30.0,0,0.0,0.0,2017-07-03 13:47:00
-12.0,-10.0,0,0.0,0.0,2017-07-03 06:23:00
-9.0,-17.0,0,0.0,0.0,2017-07-03 05:51:00
0.0,-14.0,0,0.0,0.0,2017-07-03 17:00:00
-5.0,-10.0,0,0.0,0.0,2017-07-04 05:55:00
-10.0,-12.0,0,0.0,0.0,2017-07-04 06:25:00
-2.0,0.0,0,0.0,0.0,2017-07-04 13:58:00
-6.0,-14.0,0,0.0,0.0,2017-07-04 05:54:00
-3.0,-18.0,0,0.0,0.0,2017-07-04 16:57:00
-3.0,0.0,0,0.0,0.0,2017-07-05 05:57:00
19.0,13.0,0,0.0,0.0,2017-07-05 17:34:00
2.0,-7.0,0,0.0,0.0,2017-07-05 06:37:00
-5.0,-13.0,0,0.0,0.0,2017-07-05 13:05:00
-9.0,-22.0,0,0.0,0.0,2017-07-05 16:51:00
-7.0,-9.0,0,0.0,0.0,2017-07-05 05:53:00
-4.0,-12.0,0,0.0,0.0,2017-07-06 05:56:00
-10.0,-22.0,0,0.0,0.0,2017-07-06 17:05:00
-9.0,-2.0,0,0.0,0.0,2017-07-06 06:26:00
-6.0,-27.0,0,0.0,0.0,2017-07-06 13:04:00
-5.0,-14.0,0,0.0,0.0,2017-07-06 05:55:00
-2.0,0.0,0,0.0,0.0,2017-07-06 16:58:00
7.0,9.0,0,0.0,0.0,2017-07-07 06:07:00
5.0,8.0,0,0.0,0.0,2017-07-07 06:40:00
17.0,12.0,0,0.0,0.0,2017-07-07 13:27:00
-1.0,18.0,0,0.0,0.0,2017-07-07 17:14:00
-9.0,-9.0,0,0.0,0.0,2017-07-07 05:51:00
-8.0,-14.0,0,0.0,0.0,2017-07-07 16:52:00
-1.0,2.0,0,0.0,0.0,2017-07-08 06:49:00
-5.0,-5.0,0,0.0,0.0,2017-07-08 06:30:00
-8.0,-15.0,0,0.0,0.0,2017-07-08 11:17:00
57.0,87.0,0,57.0,0.0,2017-07-08 14:57:00
-10.0,-11.0,0,0.0,0.0,2017-07-08 17:28:00
-6.0,-19.0,0,0.0,0.0,2017-07-08 05:54:00
9.0,1.0,0,0.0,0.0,2017-07-09 06:09:00
-1.0,-14.0,0,0.0,0.0,2017-07-09 13:09:00
-11.0,-22.0,0,0.0,0.0,2017-07-09 06:24:00
27.0,13.0,0,0.0,0.0,2017-07-09 17:21:00
-7.0,-22.0,0,0.0,0.0,2017-07-09 12:33:00
-4.0,-9.0,0,0.0,0.0,2017-07-10 05:56:00
57.0,47.0,0,0.0,0.0,2017-07-10 14:07:00
-5.0,6.0,0,0.0,0.0,2017-07-10 17:10:00
167.0,176.0,0,0.0,0.0,2017-07-10 09:22:00
5.0,55.0,0,0.0,0.0,2017-07-10 13:00:00
-8.0,1.0,0,0.0,0.0,2017-07-10 05:52:00
121.0,120.0,0,0.0,0.0,2017-07-10 18:55:00
-4.0,-8.0,0,0.0,0.0,2017-07-11 05:56:00
17.0,9.0,0,0.0,0.0,2017-07-11 17:32:00
-9.0,-20.0,0,0.0,0.0,2017-07-11 06:26:00
-6.0,-9.0,0,0.0,0.0,2017-07-11 13:04:00
-9.0,2.0,0,0.0,0.0,2017-07-11 05:51:00
-11.0,-8.0,0,0.0,0.0,2017-07-11 16:43:00
-14.0,-18.0,0,0.0,0.0,2017-07-11 12:26:00
-11.0,-14.0,0,0.0,0.0,2017-07-12 05:49:00
-8.0,4.0,0,0.0,0.0,2017-07-12 06:27:00
86.0,135.0,0,56.0,0.0,2017-07-12 18:41:00
-8.0,-21.0,0,0.0,0.0,2017-07-12 13:02:00
-4.0,15.0,0,0.0,0.0,2017-07-12 12:36:00
-7.0,-3.0,0,0.0,0.0,2017-07-12 16:47:00
-4.0,-20.0,0,0.0,0.0,2017-07-12 05:56:00
-2.0,-16.0,0,0.0,0.0,2017-07-13 05:58:00
-10.0,0.0,0,0.0,0.0,2017-07-13 06:25:00
21.0,15.0,0,0.0,0.0,2017-07-13 17:36:00
-13.0,-31.0,0,0.0,0.0,2017-07-13 12:57:00
-5.0,0.0,0,0.0,0.0,2017-07-13 05:55:00
7.0,0.0,0,0.0,0.0,2017-07-13 17:01:00
-17.0,-10.0,0,0.0,0.0,2017-07-13 12:23:00
-4.0,-8.0,0,0.0,0.0,2017-07-14 05:56:00
-3.0,-12.0,0,0.0,0.0,2017-07-14 06:32:00
-2.0,8.0,0,0.0,0.0,2017-07-14 13:08:00
5.0,-4.0,0,0.0,0.0,2017-07-14 17:20:00
-8.0,-16.0,0,0.0,0.0,2017-07-14 05:52:00
34.0,28.0,0,0.0,0.0,2017-07-14 17:28:00
73.0,74.0,0,0.0,0.0,2017-07-14 13:53:00
4.0,-3.0,0,0.0,0.0,2017-07-15 06:54:00
-1.0,-3.0,0,0.0,0.0,2017-07-15 06:34:00
-5.0,-20.0,0,0.0,0.0,2017-07-15 13:55:00
-14.0,-29.0,0,0.0,0.0,2017-07-15 11:11:00
13.0,-2.0,0,0.0,0.0,2017-07-15 06:13:00
-8.0,-2.0,0,0.0,0.0,2017-07-15 17:30:00
-3.0,-15.0,0,0.0,0.0,2017-07-16 05:57:00
3.0,13.0,0,0.0,0.0,2017-07-16 13:13:00
-5.0,-9.0,0,0.0,0.0,2017-07-16 06:30:00
-7.0,-15.0,0,0.0,0.0,2017-07-16 16:47:00
-7.0,-25.0,0,0.0,0.0,2017-07-16 12:33:00
-3.0,-2.0,0,0.0,0.0,2017-07-17 05:57:00
-5.0,-16.0,0,0.0,0.0,2017-07-17 06:30:00
39.0,30.0,0,0.0,0.0,2017-07-17 13:49:00
116.0,108.0,0,0.0,0.0,2017-07-17 19:11:00
-7.0,-18.0,0,0.0,0.0,2017-07-17 05:53:00
-10.0,-28.0,0,0.0,0.0,2017-07-17 12:45:00
58.0,92.0,0,0.0,0.0,2017-07-17 17:52:00
-3.0,-15.0,0,0.0,0.0,2017-07-18 05:57:00
-10.0,-24.0,0,0.0,0.0,2017-07-18 06:25:00
181.0,158.0,0,0.0,0.0,2017-07-18 20:16:00
-10.0,-25.0,0,0.0,0.0,2017-07-18 13:00:00
-6.0,-19.0,0,0.0,0.0,2017-07-18 05:54:00
-11.0,-24.0,0,0.0,0.0,2017-07-18 12:29:00
24.0,16.0,0,0.0,0.0,2017-07-18 17:18:00
-1.0,-15.0,0,0.0,0.0,2017-07-19 05:59:00
-7.0,-2.0,0,0.0,0.0,2017-07-19 17:08:00
34.0,19.0,0,19.0,0.0,2017-07-19 07:09:00
-4.0,-31.0,0,0.0,0.0,2017-07-19 13:06:00
-5.0,-13.0,0,0.0,0.0,2017-07-19 16:49:00
-9.0,-30.0,0,0.0,0.0,2017-07-19 05:51:00
-7.0,-21.0,0,0.0,0.0,2017-07-19 12:33:00
-2.0,-15.0,0,0.0,0.0,2017-07-20 05:58:00
87.0,100.0,0,10.0,0.0,2017-07-20 18:42:00
-3.0,-26.0,0,0.0,0.0,2017-07-20 13:07:00
150.0,168.0,0,0.0,0.0,2017-07-20 09:05:00
-4.0,-17.0,0,0.0,0.0,2017-07-20 12:36:00
171.0,159.0,0,159.0,0.0,2017-07-20 08:51:00
-2.0,10.0,0,0.0,0.0,2017-07-20 16:52:00
-7.0,-20.0,0,0.0,0.0,2017-07-21 05:53:00
23.0,17.0,0,0.0,0.0,2017-07-21 17:38:00
-9.0,-5.0,0,0.0,0.0,2017-07-21 06:26:00
-9.0,-34.0,0,0.0,0.0,2017-07-21 13:01:00
69.0,56.0,0,0.0,0.0,2017-07-21 18:03:00
-5.0,-7.0,0,0.0,0.0,2017-07-21 05:55:00
-9.0,-18.0,0,0.0,0.0,2017-07-21 12:31:00
-1.0,-4.0,0,0.0,0.0,2017-07-22 06:49:00
-3.0,-22.0,0,0.0,0.0,2017-07-22 11:22:00
-6.0,16.0,0,0.0,0.0,2017-07-22 13:54:00
-19.0,-26.0,0,0.0,0.0,2017-07-22 17:19:00
-2.0,-8.0,0,0.0,0.0,2017-07-22 05:58:00
-1.0,-12.0,0,0.0,0.0,2017-07-23 05:59:00
-5.0,-14.0,0,0.0,0.0,2017-07-23 06:30:00
-10.0,-30.0,0,0.0,0.0,2017-07-23 13:00:00
-5.0,-13.0,0,0.0,0.0,2017-07-23 12:35:00
-18.0,-19.0,0,0.0,0.0,2017-07-23 16:36:00
0.0,-3.0,0,0.0,0.0,2017-07-24 06:00:00
-8.0,6.0,0,0.0,0.0,2017-07-24 06:27:00
23.0,31.0,0,22.0,0.0,2017-07-24 17:38:00
-11.0,-27.0,0,0.0,0.0,2017-07-24 12:59:00
-5.0,-1.0,0,0.0,0.0,2017-07-24 12:50:00
-8.0,-25.0,0,0.0,0.0,2017-07-24 16:46:00
-9.0,-16.0,0,0.0,0.0,2017-07-24 05:51:00
-6.0,-8.0,0,0.0,0.0,2017-07-25 05:54:00
-1.0,-15.0,0,0.0,0.0,2017-07-25 13:09:00
-10.0,-7.0,0,0.0,0.0,2017-07-25 17:05:00
121.0,122.0,0,0.0,0.0,2017-07-25 08:36:00
-3.0,-8.0,0,0.0,0.0,2017-07-25 12:37:00
-11.0,-5.0,0,0.0,0.0,2017-07-25 05:49:00
-7.0,-22.0,0,0.0,0.0,2017-07-25 16:47:00
-4.0,-7.0,0,0.0,0.0,2017-07-26 05:56:00
-7.0,41.0,0,0.0,0.0,2017-07-26 17:08:00
10.0,-8.0,0,0.0,0.0,2017-07-26 13:20:00
-5.0,-24.0,0,0.0,0.0,2017-07-26 06:30:00
-6.0,-9.0,0,0.0,0.0,2017-07-26 12:34:00
-10.0,-27.0,0,0.0,0.0,2017-07-26 16:44:00
-9.0,-14.0,0,0.0,0.0,2017-07-26 05:51:00
-3.0,-5.0,0,0.0,0.0,2017-07-27 05:57:00
-8.0,-8.0,0,0.0,0.0,2017-07-27 06:27:00
-6.0,-31.0,0,0.0,0.0,2017-07-27 13:04:00
-6.0,-12.0,0,0.0,0.0,2017-07-27 17:09:00
-5.0,-15.0,0,0.0,0.0,2017-07-27 16:49:00
-4.0,2.0,0,0.0,0.0,2017-07-27 12:36:00
-10.0,-18.0,0,0.0,0.0,2017-07-27 05:50:00
-1.0,-4.0,0,0.0,0.0,2017-07-28 05:59:00
-3.0,17.0,0,0.0,0.0,2017-07-28 06:32:00
14.0,16.0,0,2.0,0.0,2017-07-28 17:29:00
83.0,89.0,0,3.0,0.0,2017-07-28 14:33:00
-8.0,-10.0,0,0.0,0.0,2017-07-28 05:52:00
8.0,1.0,0,0.0,0.0,2017-07-28 12:48:00
-5.0,-15.0,0,0.0,0.0,2017-07-28 16:49:00
-3.0,-8.0,0,0.0,0.0,2017-07-29 06:47:00
-11.0,-35.0,0,0.0,0.0,2017-07-29 11:14:00
-5.0,-21.0,0,0.0,0.0,2017-07-29 13:55:00
-7.0,-27.0,0,0.0,0.0,2017-07-29 17:31:00
-10.0,-20.0,0,0.0,0.0,2017-07-29 05:50:00
0.0,-10.0,0,0.0,0.0,2017-07-30 06:00:00
-2.0,-11.0,0,0.0,0.0,2017-07-30 06:33:00
168.0,157.0,0,0.0,0.0,2017-07-30 15:58:00
-11.0,-29.0,0,0.0,0.0,2017-07-30 16:43:00
-7.0,-24.0,0,0.0,0.0,2017-07-30 12:33:00
4.0,-5.0,0,0.0,0.0,2017-07-31 06:04:00
-10.0,-32.0,0,0.0,0.0,2017-07-31 13:00:00
33.0,27.0,0,0.0,0.0,2017-07-31 17:48:00
-3.0,-8.0,0,0.0,0.0,2017-07-31 06:32:00
-6.0,-12.0,0,0.0,0.0,2017-07-31 05:54:00
81.0,69.0,0,0.0,0.0,2017-07-31 14:16:00
48.0,38.0,0,0.0,0.0,2017-07-31 17:42:00
-6.0,-20.0,0,0.0,0.0,2017-08-01 13:04:00
-6.0,-17.0,0,0.0,0.0,2017-08-01 05:54:00
-1.0,-13.0,0,0.0,0.0,2017-08-01 06:17:00
105.0,89.0,0,0.0,0.0,2017-08-01 18:45:00
-13.0,-27.0,0,0.0,0.0,2017-08-01 12:27:00
-13.0,-20.0,0,0.0,0.0,2017-08-01 05:47:00
-2.0,-1.0,0,0.0,0.0,2017-08-02 05:58:00
-10.0,-24.0,0,0.0,0.0,2017-08-02 06:25:00
-12.0,-11.0,0,0.0,0.0,2017-08-02 12:58:00
-7.0,-11.0,0,0.0,0.0,2017-08-02 05:53:00
-9.0,-7.0,0,0.0,0.0,2017-08-02 16:51:00
-8.0,-12.0,0,0.0,0.0,2017-08-02 12:32:00
-3.0,-2.0,0,0.0,0.0,2017-08-03 05:57:00
-1.0,9.0,0,0.0,0.0,2017-08-03 13:09:00
-1.0,-2.0,0,0.0,0.0,2017-08-03 06:34:00
-4.0,6.0,0,0.0,0.0,2017-08-03 12:36:00
-7.0,4.0,0,0.0,0.0,2017-08-03 05:53:00
364.0,343.0,0,337.0,0.0,2017-08-03 23:04:00
0.0,1.0,0,0.0,0.0,2017-08-04 06:00:00
246.0,233.0,0,192.0,0.0,2017-08-04 17:16:00
33.0,26.0,0,0.0,0.0,2017-08-04 13:13:00
23.0,13.0,0,0.0,0.0,2017-08-04 06:23:00
190.0,221.0,0,0.0,185.0,2017-08-04 20:10:00
-6.0,-6.0,0,0.0,0.0,2017-08-05 06:44:00
-6.0,-22.0,0,0.0,0.0,2017-08-05 13:54:00
-5.0,-27.0,0,0.0,0.0,2017-08-05 11:20:00
0.0,2.0,0,0.0,0.0,2017-08-05 06:00:00
14.0,22.0,0,5.0,0.0,2017-08-05 17:52:00
-1.0,4.0,0,0.0,0.0,2017-08-06 05:59:00
-7.0,-15.0,0,0.0,0.0,2017-08-06 06:28:00
-11.0,-7.0,0,0.0,0.0,2017-08-06 12:59:00
-4.0,-17.0,0,0.0,0.0,2017-08-06 16:56:00
-8.0,-9.0,0,0.0,0.0,2017-08-06 12:32:00
-4.0,-3.0,0,0.0,0.0,2017-08-07 05:56:00
-4.0,13.0,0,0.0,0.0,2017-08-07 06:31:00
-3.0,-9.0,0,0.0,0.0,2017-08-07 13:07:00
-3.0,-10.0,0,0.0,0.0,2017-08-07 12:52:00
-5.0,-9.0,0,0.0,0.0,2017-08-07 05:55:00
40.0,29.0,0,29.0,0.0,2017-08-07 17:40:00
-4.0,-2.0,0,0.0,0.0,2017-08-08 05:56:00
-2.0,1.0,0,0.0,0.0,2017-08-08 06:23:00
23.0,19.0,0,19.0,0.0,2017-08-08 13:33:00
-11.0,-17.0,0,0.0,0.0,2017-08-08 16:49:00
-8.0,-9.0,0,0.0,0.0,2017-08-08 05:52:00
-14.0,-17.0,0,0.0,0.0,2017-08-08 12:26:00
-1.0,1.0,0,0.0,0.0,2017-08-09 05:59:00
-8.0,-7.0,0,0.0,0.0,2017-08-09 06:27:00
-7.0,-14.0,0,0.0,0.0,2017-08-09 13:03:00
-11.0,-23.0,0,0.0,0.0,2017-08-09 12:29:00
-11.0,-14.0,0,0.0,0.0,2017-08-09 16:49:00
-8.0,-6.0,0,0.0,0.0,2017-08-09 05:52:00
0.0,7.0,0,0.0,0.0,2017-08-10 06:00:00
-6.0,-3.0,0,0.0,0.0,2017-08-10 06:29:00
-7.0,-16.0,0,0.0,0.0,2017-08-10 13:03:00
-4.0,-11.0,0,0.0,0.0,2017-08-10 05:56:00
-14.0,-25.0,0,0.0,0.0,2017-08-10 16:46:00
-15.0,-15.0,0,0.0,0.0,2017-08-10 12:25:00
-4.0,-3.0,0,0.0,0.0,2017-08-11 05:56:00
-1.0,-14.0,0,0.0,0.0,2017-08-11 06:34:00
-11.0,-10.0,0,0.0,0.0,2017-08-11 12:59:00
-9.0,-14.0,0,0.0,0.0,2017-08-11 12:31:00
183.0,185.0,0,0.0,0.0,2017-08-11 20:03:00
-4.0,-5.0,0,0.0,0.0,2017-08-11 05:56:00
12.0,31.0,0,12.0,0.0,2017-08-12 07:02:00
-4.0,-22.0,0,0.0,0.0,2017-08-12 13:56:00
-10.0,-28.0,0,0.0,0.0,2017-08-12 11:15:00
-3.0,-2.0,0,0.0,0.0,2017-08-12 05:57:00
7.0,-5.0,0,0.0,0.0,2017-08-12 17:45:00
-2.0,-9.0,0,0.0,0.0,2017-08-13 05:58:00
15.0,5.0,0,0.0,0.0,2017-08-13 06:50:00
-9.0,-18.0,0,0.0,0.0,2017-08-13 13:01:00
616.0,592.0,0,592.0,0.0,2017-08-13 22:56:00
-14.0,-22.0,0,0.0,0.0,2017-08-13 16:46:00
0.0,2.0,0,0.0,0.0,2017-08-14 06:00:00
-5.0,-7.0,0,0.0,0.0,2017-08-14 06:30:00
76.0,66.0,0,66.0,0.0,2017-08-14 14:26:00
11.0,2.0,0,0.0,0.0,2017-08-14 13:06:00
-11.0,-21.0,0,0.0,0.0,2017-08-14 16:49:00
-8.0,-7.0,0,0.0,0.0,2017-08-15 05:57:00
-6.0,-19.0,0,0.0,0.0,2017-08-15 06:19:00
-7.0,-21.0,0,0.0,0.0,2017-08-15 13:01:00
-1.0,-9.0,0,0.0,0.0,2017-08-15 18:09:00
-4.0,3.0,0,0.0,0.0,2017-08-15 12:26:00
-7.0,-21.0,0,0.0,0.0,2017-08-15 17:31:00
-8.0,0.0,0,0.0,0.0,2017-08-15 05:52:00
-4.0,-11.0,0,0.0,0.0,2017-08-16 06:01:00
-15.0,-26.0,0,0.0,0.0,2017-08-16 17:55:00
-9.0,-28.0,0,0.0,0.0,2017-08-16 12:59:00
-3.0,4.0,0,0.0,0.0,2017-08-16 06:22:00
-12.0,-8.0,0,0.0,0.0,2017-08-16 17:26:00
-7.0,-15.0,0,0.0,0.0,2017-08-16 12:23:00
-3.0,-1.0,0,0.0,0.0,2017-08-16 05:57:00
0.0,-2.0,0,0.0,0.0,2017-08-17 06:05:00
-6.0,-21.0,0,0.0,0.0,2017-08-17 18:04:00
-9.0,-21.0,0,0.0,0.0,2017-08-17 12:59:00
-3.0,-16.0,0,0.0,0.0,2017-08-17 12:27:00
-4.0,-10.0,0,0.0,0.0,2017-08-17 05:56:00
-3.0,-5.0,0,0.0,0.0,2017-08-17 17:35:00
81.0,73.0,0,0.0,73.0,2017-08-18 07:26:00
25.0,17.0,0,0.0,17.0,2017-08-18 06:25:00
2.0,-10.0,0,0.0,0.0,2017-08-18 18:12:00
-8.0,-24.0,0,0.0,0.0,2017-08-18 13:00:00
1.0,-22.0,0,0.0,0.0,2017-08-18 12:31:00
19.0,15.0,0,0.0,15.0,2017-08-18 06:19:00
201.0,190.0,0,0.0,0.0,2017-08-18 20:59:00
-1.0,14.0,0,0.0,0.0,2017-08-19 06:44:00
-8.0,-17.0,0,0.0,0.0,2017-08-19 13:52:00
1.0,11.0,0,0.0,0.0,2017-08-19 17:39:00
-4.0,-4.0,0,0.0,0.0,2017-08-19 09:01:00
0.0,-9.0,0,0.0,0.0,2017-08-20 06:05:00
-2.0,-21.0,0,0.0,0.0,2017-08-20 13:06:00
-4.0,-18.0,0,0.0,0.0,2017-08-20 18:06:00
-11.0,-23.0,0,0.0,0.0,2017-08-20 12:19:00
6.0,-10.0,0,0.0,0.0,2017-08-20 17:44:00
-2.0,-7.0,0,0.0,0.0,2017-08-21 06:03:00
9.0,14.0,0,0.0,0.0,2017-08-21 06:14:00
-10.0,-27.0,0,0.0,0.0,2017-08-21 18:00:00
-3.0,-16.0,0,0.0,0.0,2017-08-21 13:05:00
7.0,3.0,0,0.0,0.0,2017-08-21 06:07:00
-6.0,-9.0,0,0.0,0.0,2017-08-21 12:44:00
3.0,-7.0,0,0.0,0.0,2017-08-21 17:41:00
-8.0,-14.0,0,0.0,0.0,2017-08-22 05:57:00
-10.0,-25.0,0,0.0,0.0,2017-08-22 12:58:00
-2.0,-8.0,0,0.0,0.0,2017-08-22 18:08:00
-11.0,-22.0,0,0.0,0.0,2017-08-22 05:49:00
18.0,28.0,0,0.0,0.0,2017-08-22 12:48:00
2.0,3.0,0,0.0,0.0,2017-08-22 17:40:00
-7.0,-12.0,0,0.0,0.0,2017-08-23 05:58:00
-12.0,-26.0,0,0.0,0.0,2017-08-23 17:58:00
-6.0,-26.0,0,0.0,0.0,2017-08-23 13:02:00
-7.0,-5.0,0,0.0,0.0,2017-08-23 17:31:00
-8.0,-11.0,0,0.0,0.0,2017-08-23 05:52:00
-6.0,-20.0,0,0.0,0.0,2017-08-23 12:24:00
-3.0,-9.0,0,0.0,0.0,2017-08-24 06:02:00
-10.0,-26.0,0,0.0,0.0,2017-08-24 12:58:00
-9.0,11.0,0,0.0,0.0,2017-08-24 18:01:00
-5.0,-24.0,0,0.0,0.0,2017-08-24 12:25:00
-8.0,-3.0,0,0.0,0.0,2017-08-24 05:52:00
-4.0,2.0,0,0.0,0.0,2017-08-24 17:34:00
0.0,9.0,0,0.0,0.0,2017-08-25 06:05:00
-6.0,-5.0,0,0.0,0.0,2017-08-25 18:04:00
-5.0,-9.0,0,0.0,0.0,2017-08-25 13:03:00
-10.0,-24.0,0,0.0,0.0,2017-08-25 05:50:00
-6.0,-19.0,0,0.0,0.0,2017-08-25 17:32:00
-6.0,-14.0,0,0.0,0.0,2017-08-25 12:24:00
-2.0,-11.0,0,0.0,0.0,2017-08-26 06:43:00
-9.0,-20.0,0,0.0,0.0,2017-08-26 13:51:00
-13.0,-23.0,0,0.0,0.0,2017-08-26 17:22:00
-4.0,-2.0,0,0.0,0.0,2017-08-26 09:11:00
-4.0,-17.0,0,0.0,0.0,2017-08-27 06:06:00
-6.0,-5.0,0,0.0,0.0,2017-08-27 12:44:00
-12.0,-5.0,0,0.0,0.0,2017-08-27 18:04:00
-6.0,-12.0,0,0.0,0.0,2017-08-27 11:44:00
1.0,-7.0,0,0.0,0.0,2017-08-27 17:36:00
-2.0,-16.0,0,0.0,0.0,2017-08-28 06:08:00
-10.0,-20.0,0,0.0,0.0,2017-08-28 17:46:00
-12.0,-18.0,0,0.0,0.0,2017-08-28 12:38:00
-7.0,-17.0,0,0.0,0.0,2017-08-28 05:53:00
-9.0,5.0,0,0.0,0.0,2017-08-28 12:31:00
-8.0,-7.0,0,0.0,0.0,2017-08-28 17:27:00
-5.0,-11.0,0,0.0,0.0,2017-08-29 06:05:00
-9.0,-1.0,0,0.0,0.0,2017-08-29 12:41:00
-12.0,-16.0,0,0.0,0.0,2017-08-29 17:44:00
-6.0,8.0,0,0.0,0.0,2017-08-29 05:54:00
9.0,20.0,0,0.0,0.0,2017-08-29 17:44:00
-9.0,-12.0,0,0.0,0.0,2017-08-29 12:31:00
-4.0,-13.0,0,0.0,0.0,2017-08-30 06:06:00
-7.0,-14.0,0,0.0,0.0,2017-08-30 17:49:00
-10.0,-10.0,0,0.0,0.0,2017-08-30 12:40:00
-7.0,7.0,0,0.0,0.0,2017-08-30 05:53:00
87.0,73.0,0,0.0,0.0,2017-08-30 19:02:00
38.0,35.0,0,0.0,0.0,2017-08-30 13:18:00
-4.0,0.0,0,0.0,0.0,2017-08-31 06:06:00
267.0,278.0,0,8.0,0.0,2017-08-31 17:17:00
0.0,5.0,0,0.0,0.0,2017-08-31 17:56:00
-2.0,-3.0,0,0.0,0.0,2017-08-31 05:58:00
19.0,7.0,0,0.0,0.0,2017-08-31 17:54:00
63.0,52.0,0,52.0,0.0,2017-08-31 13:43:00
0.0,-4.0,0,0.0,0.0,2017-09-01 06:10:00
-6.0,-2.0,0,0.0,0.0,2017-09-01 12:44:00
-2.0,-9.0,0,0.0,0.0,2017-09-01 17:54:00
-4.0,-15.0,0,0.0,0.0,2017-09-01 17:31:00
-11.0,-12.0,0,0.0,0.0,2017-09-01 12:29:00
-5.0,-5.0,0,0.0,0.0,2017-09-01 05:55:00
-3.0,-11.0,0,0.0,0.0,2017-09-02 06:42:00
-11.0,-16.0,0,0.0,0.0,2017-09-02 13:49:00
-14.0,-30.0,0,0.0,0.0,2017-09-02 17:21:00
-12.0,-23.0,0,0.0,0.0,2017-09-02 09:18:00
-6.0,-18.0,0,0.0,0.0,2017-09-03 06:04:00
-11.0,-18.0,0,0.0,0.0,2017-09-03 17:24:00
-1.0,-10.0,0,0.0,0.0,2017-09-04 06:09:00
2.0,5.0,0,0.0,0.0,2017-09-04 12:52:00
-7.0,-27.0,0,0.0,0.0,2017-09-04 17:52:00
130.0,107.0,0,107.0,0.0,2017-09-04 08:10:00
-7.0,-13.0,0,0.0,0.0,2017-09-04 12:33:00
248.0,238.0,0,0.0,238.0,2017-09-04 21:43:00
-7.0,-16.0,0,0.0,0.0,2017-09-05 06:03:00
-2.0,-11.0,0,0.0,0.0,2017-09-05 12:48:00
231.0,212.0,0,125.0,0.0,2017-09-05 21:50:00
22.0,24.0,0,0.0,0.0,2017-09-05 13:02:00
-1.0,-13.0,0,0.0,0.0,2017-09-05 05:59:00
112.0,109.0,0,0.0,0.0,2017-09-05 19:27:00
-4.0,-13.0,0,0.0,0.0,2017-09-06 06:06:00
4.0,4.0,0,0.0,0.0,2017-09-06 12:54:00
22.0,33.0,0,9.0,0.0,2017-09-06 18:21:00
6.0,-6.0,0,0.0,0.0,2017-09-06 17:41:00
22.0,13.0,0,0.0,0.0,2017-09-06 06:22:00
11.0,35.0,0,1.0,0.0,2017-09-06 17:31:00
-6.0,-11.0,0,0.0,0.0,2017-09-06 10:14:00
-2.0,-4.0,0,0.0,0.0,2017-09-07 06:08:00
-5.0,-16.0,0,0.0,0.0,2017-09-07 17:54:00
-1.0,-7.0,0,0.0,0.0,2017-09-07 05:59:00
-5.0,-2.0,0,0.0,0.0,2017-09-07 10:15:00
-10.0,-25.0,0,0.0,0.0,2017-09-07 06:20:00
-8.0,-17.0,0,0.0,0.0,2017-09-07 17:12:00
0.0,-3.0,0,0.0,0.0,2017-09-08 06:10:00
-6.0,-24.0,0,0.0,0.0,2017-09-08 17:53:00
-7.0,-15.0,0,0.0,0.0,2017-09-08 12:43:00
-24.0,-30.0,0,0.0,0.0,2017-09-08 17:11:00
-3.0,11.0,0,0.0,0.0,2017-09-08 05:57:00
-4.0,4.0,0,0.0,0.0,2017-09-08 06:26:00
-4.0,13.0,0,0.0,0.0,2017-09-08 10:16:00
-13.0,5.0,0,0.0,0.0,2017-09-08 17:07:00
-1.0,2.0,0,0.0,0.0,2017-09-09 06:44:00
-10.0,-23.0,0,0.0,0.0,2017-09-09 13:50:00
-9.0,-12.0,0,0.0,0.0,2017-09-09 17:11:00
-11.0,-23.0,0,0.0,0.0,2017-09-09 17:24:00
-10.0,-8.0,0,0.0,0.0,2017-09-09 09:20:00
-1.0,6.0,0,0.0,0.0,2017-09-09 06:29:00
-5.0,-18.0,0,0.0,0.0,2017-09-10 06:05:00
0.0,-11.0,0,0.0,0.0,2017-09-10 17:59:00
-6.0,-15.0,0,0.0,0.0,2017-09-10 12:44:00
2.0,-5.0,0,0.0,0.0,2017-09-10 11:52:00
-9.0,-8.0,0,0.0,0.0,2017-09-10 06:21:00
7.0,9.0,0,0.0,0.0,2017-09-10 17:27:00
0.0,-9.0,0,0.0,0.0,2017-09-11 06:10:00
-3.0,0.0,0,0.0,0.0,2017-09-11 12:56:00
32.0,35.0,0,32.0,0.0,2017-09-11 17:52:00
-8.0,-11.0,0,0.0,0.0,2017-09-11 12:32:00
4.0,-7.0,0,0.0,0.0,2017-09-11 10:24:00
10.0,3.0,0,0.0,0.0,2017-09-11 06:40:00
3.0,6.0,0,0.0,0.0,2017-09-12 06:13:00
-11.0,-10.0,0,0.0,0.0,2017-09-12 17:48:00
-8.0,0.0,0,0.0,0.0,2017-09-12 12:42:00
-11.0,-20.0,0,0.0,0.0,2017-09-12 12:29:00
-7.0,-11.0,0,0.0,0.0,2017-09-12 10:13:00
-3.0,-7.0,0,0.0,0.0,2017-09-12 17:17:00
-2.0,-1.0,0,0.0,0.0,2017-09-12 06:28:00
-2.0,-12.0,0,0.0,0.0,2017-09-13 06:08:00
-13.0,-11.0,0,0.0,0.0,2017-09-13 12:37:00
-8.0,-17.0,0,0.0,0.0,2017-09-13 17:51:00
-4.0,14.0,0,0.0,0.0,2017-09-13 12:36:00
13.0,12.0,0,0.0,0.0,2017-09-13 17:33:00
-6.0,-2.0,0,0.0,0.0,2017-09-13 06:24:00
-10.0,-13.0,0,0.0,0.0,2017-09-13 05:50:00
19.0,13.0,0,0.0,0.0,2017-09-13 17:54:00
-5.0,-12.0,0,0.0,0.0,2017-09-13 10:15:00
-1.0,-6.0,0,0.0,0.0,2017-09-14 06:09:00
2.0,-3.0,0,0.0,0.0,2017-09-14 12:52:00
-5.0,-14.0,0,0.0,0.0,2017-09-14 17:54:00
35.0,20.0,0,0.0,0.0,2017-09-14 18:10:00
-7.0,-15.0,0,0.0,0.0,2017-09-14 05:53:00
-7.0,-11.0,0,0.0,0.0,2017-09-14 12:33:00
-4.0,6.0,0,0.0,0.0,2017-09-14 06:26:00
18.0,8.0,0,0.0,0.0,2017-09-14 17:38:00
81.0,81.0,0,0.0,0.0,2017-09-14 11:41:00
-1.0,-15.0,0,0.0,0.0,2017-09-15 06:09:00
-9.0,-15.0,0,0.0,0.0,2017-09-15 12:41:00
1.0,2.0,0,0.0,0.0,2017-09-15 18:00:00
-1.0,-1.0,0,0.0,0.0,2017-09-15 05:59:00
-14.0,-25.0,0,0.0,0.0,2017-09-15 12:26:00
10.0,-2.0,0,0.0,0.0,2017-09-15 17:45:00
-2.0,-15.0,0,0.0,0.0,2017-09-15 10:18:00
-3.0,-11.0,0,0.0,0.0,2017-09-15 17:17:00
-6.0,-10.0,0,0.0,0.0,2017-09-15 06:24:00
-3.0,-7.0,0,0.0,0.0,2017-09-16 06:42:00
-4.0,-6.0,0,0.0,0.0,2017-09-16 13:56:00
-5.0,-7.0,0,0.0,0.0,2017-09-16 17:30:00
-7.0,-14.0,0,0.0,0.0,2017-09-16 09:08:00
44.0,23.0,0,0.0,0.0,2017-09-16 18:04:00
-6.0,-24.0,0,0.0,0.0,2017-09-16 06:24:00
-5.0,-20.0,0,0.0,0.0,2017-09-17 06:05:00
-11.0,-18.0,0,0.0,0.0,2017-09-17 12:39:00
-2.0,-6.0,0,0.0,0.0,2017-09-17 17:57:00
1.0,-8.0,0,0.0,0.0,2017-09-17 11:51:00
-3.0,-11.0,0,0.0,0.0,2017-09-17 06:27:00
-5.0,3.0,0,0.0,0.0,2017-09-17 17:15:00
-6.0,-27.0,0,0.0,0.0,2017-09-18 06:04:00
-5.0,-17.0,0,0.0,0.0,2017-09-18 12:45:00
-9.0,-33.0,0,0.0,0.0,2017-09-18 17:50:00
-12.0,-14.0,0,0.0,0.0,2017-09-18 12:28:00
-5.0,-2.0,0,0.0,0.0,2017-09-18 17:15:00
-9.0,-16.0,0,0.0,0.0,2017-09-18 10:11:00
-5.0,-1.0,0,0.0,0.0,2017-09-18 06:25:00
-7.0,-25.0,0,0.0,0.0,2017-09-19 06:03:00
-6.0,-10.0,0,0.0,0.0,2017-09-19 12:44:00
-9.0,-22.0,0,0.0,0.0,2017-09-19 17:50:00
27.0,26.0,0,0.0,0.0,2017-09-19 13:07:00
1.0,0.0,0,0.0,0.0,2017-09-19 10:21:00
-9.0,3.0,0,0.0,0.0,2017-09-19 17:11:00
237.0,234.0,0,234.0,0.0,2017-09-19 10:27:00
-4.0,-24.0,0,0.0,0.0,2017-09-20 06:06:00
-6.0,-25.0,0,0.0,0.0,2017-09-20 17:53:00
-10.0,-12.0,0,0.0,0.0,2017-09-20 12:40:00
-5.0,2.0,0,0.0,0.0,2017-09-20 12:35:00
-10.0,-30.0,0,0.0,0.0,2017-09-20 10:10:00
-11.0,-15.0,0,0.0,0.0,2017-09-20 17:09:00
-15.0,-31.0,0,0.0,0.0,2017-09-20 06:15:00
1.0,-17.0,0,0.0,0.0,2017-09-21 06:11:00
-5.0,-21.0,0,0.0,0.0,2017-09-21 12:45:00
2.0,-8.0,0,0.0,0.0,2017-09-21 18:01:00
2.0,-12.0,0,0.0,0.0,2017-09-21 17:37:00
-5.0,-18.0,0,0.0,0.0,2017-09-21 05:55:00
-11.0,-30.0,0,0.0,0.0,2017-09-21 06:19:00
-5.0,-6.0,0,0.0,0.0,2017-09-21 12:35:00
-1.0,-18.0,0,0.0,0.0,2017-09-21 17:19:00
-5.0,-22.0,0,0.0,0.0,2017-09-21 10:15:00
-4.0,-23.0,0,0.0,0.0,2017-09-22 06:06:00
3.0,-13.0,0,0.0,0.0,2017-09-22 18:02:00
-7.0,-11.0,0,0.0,0.0,2017-09-22 12:43:00
-6.0,-10.0,0,0.0,0.0,2017-09-22 05:54:00
-12.0,-32.0,0,0.0,0.0,2017-09-22 12:28:00
-5.0,-13.0,0,0.0,0.0,2017-09-22 17:30:00
-4.0,-8.0,0,0.0,0.0,2017-09-22 06:26:00
-9.0,-30.0,0,0.0,0.0,2017-09-22 10:11:00
1.0,-14.0,0,0.0,0.0,2017-09-22 17:21:00
-4.0,-18.0,0,0.0,0.0,2017-09-23 06:41:00
-10.0,-22.0,0,0.0,0.0,2017-09-23 13:50:00
-12.0,-9.0,0,0.0,0.0,2017-09-23 09:03:00
-3.0,-14.0,0,0.0,0.0,2017-09-23 17:32:00
-8.0,-9.0,0,0.0,0.0,2017-09-23 17:12:00
5.0,10.0,0,0.0,0.0,2017-09-23 06:35:00
3.0,-18.0,0,0.0,0.0,2017-09-24 06:13:00
30.0,17.0,0,1.0,0.0,2017-09-24 18:29:00
1816.0,1810.0,0,1810.0,0.0,2017-09-24 19:06:00
30.0,13.0,0,0.0,0.0,2017-09-24 07:00:00
-2.0,-13.0,0,0.0,0.0,2017-09-24 11:48:00
21.0,39.0,0,12.0,0.0,2017-09-24 17:41:00
24.0,3.0,0,0.0,0.0,2017-09-25 13:14:00
19.0,5.0,0,0.0,0.0,2017-09-25 06:29:00
-7.0,-13.0,0,0.0,0.0,2017-09-25 17:52:00
-6.0,-17.0,0,0.0,0.0,2017-09-25 10:14:00
410.0,385.0,0,385.0,0.0,2017-09-25 13:20:00
-3.0,-3.0,0,0.0,0.0,2017-09-25 12:37:00
-9.0,-17.0,0,0.0,0.0,2017-09-25 17:11:00
-4.0,-20.0,0,0.0,0.0,2017-09-26 06:06:00
11.0,-3.0,0,0.0,0.0,2017-09-26 13:01:00
-10.0,-28.0,0,0.0,0.0,2017-09-26 17:49:00
59.0,56.0,0,0.0,0.0,2017-09-26 13:39:00
-10.0,-24.0,0,0.0,0.0,2017-09-26 06:20:00
0.0,-10.0,0,0.0,0.0,2017-09-26 10:20:00
-10.0,-16.0,0,0.0,0.0,2017-09-26 17:10:00
-5.0,-29.0,0,0.0,0.0,2017-09-27 06:05:00
-7.0,-25.0,0,0.0,0.0,2017-09-27 12:43:00
-2.0,-23.0,0,0.0,0.0,2017-09-27 17:57:00
-12.0,-14.0,0,0.0,0.0,2017-09-27 12:28:00
-2.0,-13.0,0,0.0,0.0,2017-09-27 10:18:00
-14.0,-19.0,0,0.0,0.0,2017-09-27 06:16:00
3.0,2.0,0,0.0,0.0,2017-09-27 17:23:00
11.0,7.0,0,0.0,0.0,2017-09-28 06:21:00
-7.0,-25.0,0,0.0,0.0,2017-09-28 17:52:00
-8.0,-6.0,0,0.0,0.0,2017-09-28 17:27:00
-4.0,-1.0,0,0.0,0.0,2017-09-28 05:56:00
6.0,3.0,0,0.0,0.0,2017-09-28 06:36:00
2.0,5.0,0,0.0,0.0,2017-09-28 12:42:00
-8.0,-12.0,0,0.0,0.0,2017-09-28 17:12:00
-10.0,-10.0,0,0.0,0.0,2017-09-28 10:10:00
17.0,5.0,0,0.0,0.0,2017-09-29 06:27:00
7.0,5.0,0,0.0,0.0,2017-09-29 18:06:00
-9.0,-17.0,0,0.0,0.0,2017-09-29 12:41:00
1.0,2.0,0,0.0,0.0,2017-09-29 06:01:00
-7.0,0.0,0,0.0,0.0,2017-09-29 12:33:00
-1.0,6.0,0,0.0,0.0,2017-09-29 17:34:00
-10.0,13.0,0,0.0,0.0,2017-09-29 17:10:00
-9.0,-4.0,0,0.0,0.0,2017-09-29 06:21:00
-3.0,4.0,0,0.0,0.0,2017-09-29 10:17:00
-1.0,-2.0,0,0.0,0.0,2017-09-30 06:44:00
-4.0,-18.0,0,0.0,0.0,2017-09-30 13:56:00
-9.0,-5.0,0,0.0,0.0,2017-09-30 09:06:00
-7.0,-20.0,0,0.0,0.0,2017-09-30 17:28:00
-2.0,-4.0,0,0.0,0.0,2017-09-30 17:18:00
-5.0,0.0,0,0.0,0.0,2017-09-30 06:25:00
-2.0,-5.0,0,0.0,0.0,2017-10-01 05:58:00
-6.0,-11.0,0,0.0,0.0,2017-10-01 12:49:00
1.0,-3.0,0,0.0,0.0,2017-10-01 18:01:00
6.0,-7.0,0,0.0,0.0,2017-10-01 12:46:00
87.0,83.0,0,83.0,0.0,2017-10-01 18:47:00
-1.0,-15.0,0,0.0,0.0,2017-10-01 17:34:00
-8.0,-4.0,0,0.0,0.0,2017-10-01 06:22:00
-4.0,-9.0,0,0.0,0.0,2017-10-02 05:56:00
-3.0,37.0,0,0.0,0.0,2017-10-02 12:52:00
-7.0,-16.0,0,0.0,0.0,2017-10-02 17:52:00
-10.0,-21.0,0,0.0,0.0,2017-10-02 12:30:00
-6.0,-9.0,0,0.0,0.0,2017-10-02 05:54:00
-3.0,-16.0,0,0.0,0.0,2017-10-02 17:32:00
-8.0,-8.0,0,0.0,0.0,2017-10-02 06:22:00
-10.0,-27.0,0,0.0,0.0,2017-10-02 10:10:00
-5.0,2.0,0,0.0,0.0,2017-10-02 17:15:00
4.0,2.0,0,0.0,0.0,2017-10-03 06:04:00
-7.0,-25.0,0,0.0,0.0,2017-10-03 17:52:00
-8.0,-18.0,0,0.0,0.0,2017-10-03 12:47:00
-3.0,-20.0,0,0.0,0.0,2017-10-03 17:32:00
-4.0,-21.0,0,0.0,0.0,2017-10-03 12:36:00
-10.0,-13.0,0,0.0,0.0,2017-10-03 05:50:00
-6.0,-25.0,0,0.0,0.0,2017-10-03 10:14:00
-15.0,-34.0,0,0.0,0.0,2017-10-03 17:05:00
-10.0,-21.0,0,0.0,0.0,2017-10-03 06:20:00
107.0,102.0,0,102.0,0.0,2017-10-04 07:47:00
13.0,19.0,0,0.0,0.0,2017-10-04 18:12:00
-3.0,-12.0,0,0.0,0.0,2017-10-04 12:52:00
-7.0,7.0,0,0.0,0.0,2017-10-04 12:33:00
-3.0,-12.0,0,0.0,0.0,2017-10-04 17:32:00
-6.0,3.0,0,0.0,0.0,2017-10-04 05:54:00
13.0,-3.0,0,0.0,0.0,2017-10-04 17:33:00
230.0,219.0,0,219.0,0.0,2017-10-04 10:20:00
12.0,1.0,0,0.0,0.0,2017-10-04 10:32:00
-1.0,-6.0,0,0.0,0.0,2017-10-05 05:59:00
-3.0,-10.0,0,0.0,0.0,2017-10-05 12:52:00
16.0,-1.0,0,0.0,0.0,2017-10-05 18:15:00
-5.0,2.0,0,0.0,0.0,2017-10-05 17:30:00
-6.0,-2.0,0,0.0,0.0,2017-10-05 12:34:00
-1.0,-2.0,0,0.0,0.0,2017-10-05 05:59:00
-13.0,-25.0,0,0.0,0.0,2017-10-05 06:17:00
0.0,20.0,0,0.0,0.0,2017-10-05 17:20:00
-3.0,-15.0,0,0.0,0.0,2017-10-05 10:17:00
-3.0,-9.0,0,0.0,0.0,2017-10-06 05:57:00
-3.0,2.0,0,0.0,0.0,2017-10-06 12:52:00
10.0,22.0,0,9.0,0.0,2017-10-06 18:09:00
-11.0,-8.0,0,0.0,0.0,2017-10-06 05:49:00
-1.0,3.0,0,0.0,0.0,2017-10-06 17:34:00
-6.0,-11.0,0,0.0,0.0,2017-10-06 12:34:00
-12.0,26.0,0,0.0,0.0,2017-10-06 06:18:00
-1.0,16.0,0,0.0,0.0,2017-10-06 17:19:00
-10.0,4.0,0,0.0,0.0,2017-10-06 10:10:00
-3.0,-4.0,0,0.0,0.0,2017-10-07 06:42:00
-6.0,-11.0,0,0.0,0.0,2017-10-07 13:54:00
-13.0,-17.0,0,0.0,0.0,2017-10-07 17:22:00
107.0,96.0,0,0.0,0.0,2017-10-07 19:07:00
-5.0,-12.0,0,0.0,0.0,2017-10-07 09:00:00
-7.0,-19.0,0,0.0,0.0,2017-10-07 06:23:00
-4.0,-5.0,0,0.0,0.0,2017-10-08 05:56:00
-9.0,0.0,0,0.0,0.0,2017-10-08 17:51:00
0.0,14.0,0,0.0,0.0,2017-10-08 12:55:00
-3.0,-10.0,0,0.0,0.0,2017-10-08 17:32:00
-4.0,-16.0,0,0.0,0.0,2017-10-08 12:36:00
79.0,67.0,0,0.0,0.0,2017-10-08 18:39:00
-6.0,-8.0,0,0.0,0.0,2017-10-08 06:24:00
29.0,30.0,0,29.0,0.0,2017-10-09 06:29:00
88.0,91.0,0,2.0,0.0,2017-10-09 19:27:00
216.0,214.0,0,10.0,0.0,2017-10-09 16:31:00
3.0,4.0,0,0.0,0.0,2017-10-09 17:33:00
159.0,137.0,0,0.0,0.0,2017-10-09 20:14:00
66.0,47.0,0,0.0,0.0,2017-10-09 13:46:00
11.0,18.0,0,0.0,11.0,2017-10-09 06:11:00
4.0,-3.0,0,0.0,0.0,2017-10-09 10:24:00
20.0,6.0,0,0.0,0.0,2017-10-09 06:50:00
11.0,26.0,0,11.0,0.0,2017-10-10 06:11:00
-4.0,-12.0,0,0.0,0.0,2017-10-10 17:55:00
-5.0,-13.0,0,0.0,0.0,2017-10-10 12:50:00
9.0,11.0,0,0.0,0.0,2017-10-10 10:29:00
45.0,33.0,0,0.0,0.0,2017-10-10 13:25:00
27.0,8.0,0,0.0,0.0,2017-10-10 18:02:00
231.0,219.0,0,219.0,0.0,2017-10-10 09:51:00
-9.0,2.0,0,0.0,0.0,2017-10-10 17:21:00
-3.0,4.0,0,0.0,0.0,2017-10-10 06:27:00
-3.0,-9.0,0,0.0,0.0,2017-10-11 05:57:00
-5.0,-16.0,0,0.0,0.0,2017-10-11 12:50:00
-4.0,7.0,0,0.0,0.0,2017-10-11 17:55:00
-5.0,-13.0,0,0.0,0.0,2017-10-11 12:35:00
-4.0,-10.0,0,0.0,0.0,2017-10-11 05:56:00
41.0,40.0,0,0.0,0.0,2017-10-11 18:16:00
-9.0,4.0,0,0.0,0.0,2017-10-11 10:11:00
9.0,24.0,0,0.0,0.0,2017-10-11 17:39:00
-2.0,15.0,0,0.0,0.0,2017-10-11 06:28:00
-2.0,-5.0,0,0.0,0.0,2017-10-12 05:58:00
1096.0,1098.0,0,1096.0,0.0,2017-10-12 07:11:00
39.0,27.0,0,0.0,0.0,2017-10-12 18:38:00
103.0,93.0,0,0.0,0.0,2017-10-12 14:23:00
-10.0,-9.0,0,0.0,0.0,2017-10-12 05:50:00
0.0,-3.0,0,0.0,0.0,2017-10-12 17:35:00
60.0,55.0,0,0.0,0.0,2017-10-12 11:20:00
-2.0,-2.0,0,0.0,0.0,2017-10-12 17:28:00
-5.0,3.0,0,0.0,0.0,2017-10-12 06:25:00
1.0,8.0,0,0.0,0.0,2017-10-13 06:01:00
-4.0,-9.0,0,0.0,0.0,2017-10-13 12:51:00
118.0,107.0,0,0.0,0.0,2017-10-13 19:57:00
24.0,13.0,0,0.0,0.0,2017-10-13 17:59:00
-9.0,-16.0,0,0.0,0.0,2017-10-13 10:11:00
75.0,60.0,0,0.0,0.0,2017-10-13 13:55:00
-5.0,-16.0,0,0.0,0.0,2017-10-13 06:25:00
-5.0,-2.0,0,0.0,0.0,2017-10-13 05:55:00
-8.0,-16.0,0,0.0,0.0,2017-10-13 17:22:00
0.0,1.0,0,0.0,0.0,2017-10-14 06:45:00
-9.0,-17.0,0,0.0,0.0,2017-10-14 13:51:00
17.0,11.0,0,0.0,0.0,2017-10-14 17:52:00
-10.0,-23.0,0,0.0,0.0,2017-10-14 08:55:00
-14.0,17.0,0,0.0,0.0,2017-10-14 06:16:00
323.0,317.0,0,232.0,0.0,2017-10-14 22:43:00
-3.0,-14.0,0,0.0,0.0,2017-10-15 05:57:00
0.0,9.0,0,0.0,0.0,2017-10-15 18:00:00
-5.0,-7.0,0,0.0,0.0,2017-10-15 12:50:00
6.0,0.0,0,0.0,0.0,2017-10-15 12:46:00
-2.0,-12.0,0,0.0,0.0,2017-10-15 17:18:00
261.0,0.0,0,0.0,0.0,2017-10-15 10:51:00
20.0,7.0,0,0.0,0.0,2017-10-15 17:55:00
0.0,1.0,0,0.0,0.0,2017-10-16 06:00:00
-6.0,-5.0,0,0.0,0.0,2017-10-16 12:49:00
-10.0,-5.0,0,0.0,0.0,2017-10-16 17:49:00
4.0,3.0,0,0.0,0.0,2017-10-16 17:39:00
-2.0,6.0,0,0.0,0.0,2017-10-16 05:58:00
-11.0,-5.0,0,0.0,0.0,2017-10-16 12:29:00
13.0,9.0,0,0.0,0.0,2017-10-16 06:43:00
-9.0,-20.0,0,0.0,0.0,2017-10-16 17:21:00
-13.0,-11.0,0,0.0,0.0,2017-10-16 10:07:00
-5.0,-5.0,0,0.0,0.0,2017-10-17 05:55:00
-5.0,-7.0,0,0.0,0.0,2017-10-17 17:54:00
9.0,-1.0,0,0.0,0.0,2017-10-17 13:04:00
-2.0,-16.0,0,0.0,0.0,2017-10-17 05:58:00
24.0,9.0,0,0.0,0.0,2017-10-17 17:59:00
2.0,-1.0,0,0.0,0.0,2017-10-17 12:42:00
-1.0,0.0,0,0.0,0.0,2017-10-17 10:19:00
-5.0,-30.0,0,0.0,0.0,2017-10-17 17:25:00
-4.0,-3.0,0,0.0,0.0,2017-10-17 06:26:00
0.0,-3.0,0,0.0,0.0,2017-10-18 06:00:00
-8.0,-12.0,0,0.0,0.0,2017-10-18 17:51:00
-2.0,-5.0,0,0.0,0.0,2017-10-18 12:53:00
-8.0,-4.0,0,0.0,0.0,2017-10-18 17:27:00
-5.0,-24.0,0,0.0,0.0,2017-10-18 12:35:00
-11.0,-4.0,0,0.0,0.0,2017-10-18 05:49:00
-7.0,-26.0,0,0.0,0.0,2017-10-18 10:13:00
-9.0,-16.0,0,0.0,0.0,2017-10-18 06:21:00
-17.0,-34.0,0,0.0,0.0,2017-10-18 17:13:00
-3.0,-10.0,0,0.0,0.0,2017-10-19 05:57:00
6.0,3.0,0,0.0,0.0,2017-10-19 18:05:00
-1.0,-17.0,0,0.0,0.0,2017-10-19 12:54:00
-4.0,-10.0,0,0.0,0.0,2017-10-19 17:31:00
-10.0,-4.0,0,0.0,0.0,2017-10-19 17:20:00
-5.0,-14.0,0,0.0,0.0,2017-10-19 05:55:00
-7.0,2.0,0,0.0,0.0,2017-10-19 12:33:00
-7.0,-16.0,0,0.0,0.0,2017-10-19 10:13:00
-10.0,-24.0,0,0.0,0.0,2017-10-19 06:20:00
3.0,6.0,0,0.0,0.0,2017-10-20 06:03:00
-9.0,-15.0,0,0.0,0.0,2017-10-20 12:46:00
9.0,14.0,0,0.0,0.0,2017-10-20 18:08:00
-8.0,-10.0,0,0.0,0.0,2017-10-20 12:32:00
-3.0,-16.0,0,0.0,0.0,2017-10-20 17:32:00
-4.0,-7.0,0,0.0,0.0,2017-10-20 05:56:00
-2.0,-8.0,0,0.0,0.0,2017-10-20 06:28:00
-5.0,-15.0,0,0.0,0.0,2017-10-20 17:25:00
-4.0,-18.0,0,0.0,0.0,2017-10-20 10:16:00
0.0,-9.0,0,0.0,0.0,2017-10-21 06:45:00
-2.0,-19.0,0,0.0,0.0,2017-10-21 13:58:00
-7.0,-15.0,0,0.0,0.0,2017-10-21 08:58:00
-4.0,-20.0,0,0.0,0.0,2017-10-21 17:31:00
3.0,-14.0,0,0.0,0.0,2017-10-21 17:23:00
35.0,23.0,0,0.0,0.0,2017-10-21 07:05:00
-1.0,-1.0,0,0.0,0.0,2017-10-22 05:59:00
-7.0,-2.0,0,0.0,0.0,2017-10-22 12:48:00
-5.0,-3.0,0,0.0,0.0,2017-10-22 17:55:00
-9.0,0.0,0,0.0,0.0,2017-10-22 12:31:00
-5.0,-15.0,0,0.0,0.0,2017-10-22 06:25:00
60.0,51.0,0,0.0,0.0,2017-10-22 18:20:00
-10.0,-25.0,0,0.0,0.0,2017-10-22 17:25:00
-4.0,-5.0,0,0.0,0.0,2017-10-23 05:56:00
16.0,21.0,0,0.0,0.0,2017-10-23 18:15:00
9.0,9.0,0,0.0,0.0,2017-10-23 13:04:00
40.0,27.0,0,0.0,0.0,2017-10-23 18:15:00
-6.0,-27.0,0,0.0,0.0,2017-10-23 12:34:00
-3.0,-11.0,0,0.0,0.0,2017-10-23 05:57:00
-5.0,-26.0,0,0.0,0.0,2017-10-23 06:25:00
-6.0,-19.0,0,0.0,0.0,2017-10-23 10:14:00
-13.0,-23.0,0,0.0,0.0,2017-10-23 17:17:00
-4.0,-1.0,0,0.0,0.0,2017-10-24 05:56:00
-3.0,-5.0,0,0.0,0.0,2017-10-24 12:52:00
-8.0,-1.0,0,0.0,0.0,2017-10-24 17:51:00
-6.0,-12.0,0,0.0,0.0,2017-10-24 17:29:00
-3.0,-5.0,0,0.0,0.0,2017-10-24 12:37:00
-5.0,-3.0,0,0.0,0.0,2017-10-24 05:55:00
7.0,-7.0,0,0.0,0.0,2017-10-24 17:37:00
-7.0,-14.0,0,0.0,0.0,2017-10-24 06:23:00
-3.0,-8.0,0,0.0,0.0,2017-10-24 10:17:00
-4.0,-2.0,0,0.0,0.0,2017-10-25 05:56:00
-10.0,-13.0,0,0.0,0.0,2017-10-25 17:49:00
48.0,47.0,0,0.0,0.0,2017-10-25 13:43:00
28.0,25.0,0,0.0,0.0,2017-10-25 13:08:00
-11.0,-8.0,0,0.0,0.0,2017-10-25 05:49:00
-5.0,-13.0,0,0.0,0.0,2017-10-25 17:30:00
-8.0,-15.0,0,0.0,0.0,2017-10-25 10:12:00
0.0,-16.0,0,0.0,0.0,2017-10-25 17:30:00
-10.0,-26.0,0,0.0,0.0,2017-10-25 06:20:00
-5.0,-9.0,0,0.0,0.0,2017-10-26 05:55:00
-8.0,-25.0,0,0.0,0.0,2017-10-26 12:47:00
26.0,29.0,0,0.0,0.0,2017-10-26 18:25:00
-7.0,-28.0,0,0.0,0.0,2017-10-26 05:53:00
2.0,2.0,0,0.0,0.0,2017-10-26 17:37:00
-8.0,14.0,0,0.0,0.0,2017-10-26 06:22:00
-6.0,1.0,0,0.0,0.0,2017-10-26 12:34:00
-8.0,-1.0,0,0.0,0.0,2017-10-26 17:22:00
-5.0,-6.0,0,0.0,0.0,2017-10-26 10:15:00
-3.0,-1.0,0,0.0,0.0,2017-10-27 05:57:00
-8.0,-14.0,0,0.0,0.0,2017-10-27 12:47:00
15.0,23.0,0,15.0,0.0,2017-10-27 18:14:00
19.0,8.0,0,0.0,0.0,2017-10-27 17:49:00
-7.0,2.0,0,0.0,0.0,2017-10-27 06:23:00
-9.0,-22.0,0,0.0,0.0,2017-10-27 12:31:00
-5.0,-9.0,0,0.0,0.0,2017-10-27 10:15:00
34.0,20.0,0,0.0,0.0,2017-10-27 18:09:00
-10.0,-26.0,0,0.0,0.0,2017-10-27 05:50:00
-3.0,6.0,0,0.0,0.0,2017-10-28 06:42:00
-8.0,10.0,0,0.0,0.0,2017-10-28 13:52:00
-1.0,-11.0,0,0.0,0.0,2017-10-28 17:34:00
-10.0,-18.0,0,0.0,0.0,2017-10-28 17:10:00
-8.0,-19.0,0,0.0,0.0,2017-10-28 08:57:00
-10.0,-8.0,0,0.0,0.0,2017-10-28 06:20:00
-4.0,-2.0,0,0.0,0.0,2017-10-29 05:56:00
-10.0,1.0,0,0.0,0.0,2017-10-29 17:50:00
-1.0,20.0,0,0.0,0.0,2017-10-29 12:54:00
9.0,0.0,0,0.0,0.0,2017-10-29 17:43:00
0.0,-16.0,0,0.0,0.0,2017-10-29 12:40:00
33.0,48.0,0,18.0,0.0,2017-10-29 17:51:00
-4.0,-14.0,0,0.0,0.0,2017-10-29 06:26:00
1.0,-10.0,0,0.0,0.0,2017-10-30 06:01:00
-4.0,-6.0,0,0.0,0.0,2017-10-30 12:51:00
-8.0,-11.0,0,0.0,0.0,2017-10-30 17:51:00
-7.0,-16.0,0,0.0,0.0,2017-10-30 05:53:00
-5.0,0.0,0,0.0,0.0,2017-10-30 17:13:00
-4.0,3.0,0,0.0,0.0,2017-10-30 06:26:00
-9.0,-15.0,0,0.0,0.0,2017-10-30 12:31:00
-6.0,8.0,0,0.0,0.0,2017-10-31 05:54:00
-7.0,-17.0,0,0.0,0.0,2017-10-31 12:48:00
-10.0,-16.0,0,0.0,0.0,2017-10-31 17:49:00
10.0,11.0,0,0.0,0.0,2017-10-31 12:50:00
-13.0,-16.0,0,0.0,0.0,2017-10-31 05:47:00
-7.0,1.0,0,0.0,0.0,2017-10-31 06:23:00
0.0,-7.0,0,0.0,0.0,2017-10-31 17:18:00
-1.0,-1.0,0,0.0,0.0,2017-11-01 05:59:00
-4.0,-11.0,0,0.0,0.0,2017-11-01 12:51:00
90.0,97.0,0,0.0,0.0,2017-11-01 19:29:00
-8.0,13.0,0,0.0,0.0,2017-11-01 05:52:00
-2.0,-2.0,0,0.0,0.0,2017-11-01 12:38:00
-6.0,-18.0,0,0.0,0.0,2017-11-01 06:24:00
-1.0,-8.0,0,0.0,0.0,2017-11-01 17:34:00
-2.0,22.0,0,0.0,0.0,2017-11-01 17:16:00
4.0,11.0,0,0.0,0.0,2017-11-02 06:04:00
-2.0,0.0,0,0.0,0.0,2017-11-02 06:28:00
-14.0,-14.0,0,0.0,0.0,2017-11-02 17:45:00
0.0,-2.0,0,0.0,0.0,2017-11-02 12:55:00
-12.0,-9.0,0,0.0,0.0,2017-11-02 05:48:00
18.0,16.0,0,0.0,0.0,2017-11-02 17:53:00
-4.0,-12.0,0,0.0,0.0,2017-11-02 12:36:00
-9.0,-13.0,0,0.0,0.0,2017-11-02 17:09:00
-2.0,-14.0,0,0.0,0.0,2017-11-03 05:58:00
2.0,11.0,0,0.0,0.0,2017-11-03 06:32:00
18.0,13.0,0,0.0,0.0,2017-11-03 13:16:00
55.0,38.0,0,0.0,0.0,2017-11-03 19:04:00
-5.0,-5.0,0,0.0,0.0,2017-11-03 05:55:00
-4.0,-15.0,0,0.0,0.0,2017-11-03 17:31:00
-1.0,8.0,0,0.0,0.0,2017-11-03 17:17:00
-9.0,-3.0,0,0.0,0.0,2017-11-03 12:31:00
-5.0,-8.0,0,0.0,0.0,2017-11-04 06:40:00
-7.0,-4.0,0,0.0,0.0,2017-11-04 06:23:00
-3.0,-21.0,0,0.0,0.0,2017-11-04 13:57:00
12.0,24.0,0,1.0,0.0,2017-11-04 17:30:00
-6.0,-4.0,0,0.0,0.0,2017-11-04 17:29:00
-5.0,-18.0,0,0.0,0.0,2017-11-04 09:00:00
-3.0,-13.0,0,0.0,0.0,2017-11-05 06:07:00
-5.0,-18.0,0,0.0,0.0,2017-11-05 17:54:00
19.0,14.0,0,0.0,0.0,2017-11-05 13:14:00
-1.0,-11.0,0,0.0,0.0,2017-11-05 06:29:00
12.0,10.0,0,0.0,0.0,2017-11-05 13:17:00
36.0,27.0,0,0.0,0.0,2017-11-05 18:06:00
-3.0,-17.0,0,0.0,0.0,2017-11-06 17:56:00
-4.0,-20.0,0,0.0,0.0,2017-11-06 06:06:00
0.0,-1.0,0,0.0,0.0,2017-11-06 06:30:00
-1.0,-11.0,0,0.0,0.0,2017-11-06 12:54:00
1.0,-5.0,0,0.0,0.0,2017-11-06 06:01:00
-7.0,-17.0,0,0.0,0.0,2017-11-06 17:23:00
2.0,-11.0,0,0.0,0.0,2017-11-06 13:07:00
1.0,1.0,0,0.0,0.0,2017-11-06 17:19:00
-4.0,-21.0,0,0.0,0.0,2017-11-07 17:55:00
-2.0,15.0,0,0.0,0.0,2017-11-07 06:08:00
8.0,28.0,0,8.0,0.0,2017-11-07 06:38:00
-5.0,6.0,0,0.0,0.0,2017-11-07 12:50:00
-1.0,5.0,0,0.0,0.0,2017-11-07 05:59:00
-9.0,-23.0,0,0.0,0.0,2017-11-07 12:56:00
-8.0,-12.0,0,0.0,0.0,2017-11-07 17:22:00
-14.0,2.0,0,0.0,0.0,2017-11-07 17:04:00
-4.0,-10.0,0,0.0,0.0,2017-11-08 17:55:00
-2.0,-1.0,0,0.0,0.0,2017-11-08 06:08:00
-6.0,-17.0,0,0.0,0.0,2017-11-08 06:24:00
-4.0,-5.0,0,0.0,0.0,2017-11-08 12:51:00
-6.0,-17.0,0,0.0,0.0,2017-11-08 12:59:00
139.0,117.0,0,0.0,0.0,2017-11-08 19:37:00
-4.0,-16.0,0,0.0,0.0,2017-11-08 17:26:00
-4.0,-2.0,0,0.0,0.0,2017-11-08 05:56:00
0.0,26.0,0,0.0,0.0,2017-11-09 06:10:00
-2.0,-21.0,0,0.0,0.0,2017-11-09 17:57:00
-4.0,0.0,0,0.0,0.0,2017-11-09 06:26:00
140.0,132.0,0,25.0,0.0,2017-11-09 15:15:00
-4.0,-4.0,0,0.0,0.0,2017-11-09 17:26:00
-7.0,0.0,0,0.0,0.0,2017-11-09 05:53:00
-5.0,-7.0,0,0.0,0.0,2017-11-09 17:13:00
-3.0,-5.0,0,0.0,0.0,2017-11-09 13:02:00
-1.0,-14.0,0,0.0,0.0,2017-11-10 06:09:00
-3.0,-18.0,0,0.0,0.0,2017-11-10 17:56:00
-8.0,-2.0,0,0.0,0.0,2017-11-10 06:22:00
1.0,-13.0,0,0.0,0.0,2017-11-10 12:56:00
-4.0,-14.0,0,0.0,0.0,2017-11-10 13:01:00
-5.0,-14.0,0,0.0,0.0,2017-11-10 17:25:00
103.0,109.0,0,0.0,0.0,2017-11-10 19:01:00
-6.0,-4.0,0,0.0,0.0,2017-11-10 05:54:00
1.0,1.0,0,0.0,0.0,2017-11-11 06:46:00
-1.0,62.0,0,0.0,0.0,2017-11-11 06:29:00
-4.0,-10.0,0,0.0,0.0,2017-11-11 13:56:00
1.0,-9.0,0,0.0,0.0,2017-11-11 09:06:00
0.0,-4.0,0,0.0,0.0,2017-11-11 17:30:00
0.0,16.0,0,0.0,0.0,2017-11-11 17:18:00
17.0,14.0,0,0.0,0.0,2017-11-12 18:16:00
-8.0,-16.0,0,0.0,0.0,2017-11-12 06:02:00
-2.0,4.0,0,0.0,0.0,2017-11-12 06:28:00
4.0,14.0,0,0.0,0.0,2017-11-12 12:59:00
-6.0,-4.0,0,0.0,0.0,2017-11-12 17:24:00
-5.0,4.0,0,0.0,0.0,2017-11-12 13:00:00
1.0,-7.0,0,0.0,0.0,2017-11-12 17:19:00
-1.0,-30.0,0,0.0,0.0,2017-11-13 17:58:00
9.0,11.0,0,0.0,0.0,2017-11-13 06:19:00
15.0,3.0,0,0.0,0.0,2017-11-13 06:45:00
-1.0,-19.0,0,0.0,0.0,2017-11-13 12:54:00
18.0,23.0,0,18.0,0.0,2017-11-13 06:18:00
6.0,-2.0,0,0.0,0.0,2017-11-13 13:11:00
-6.0,-4.0,0,0.0,0.0,2017-11-13 17:24:00
14.0,3.0,0,0.0,0.0,2017-11-13 17:32:00
-5.0,-9.0,0,0.0,0.0,2017-11-14 06:05:00
-1.0,3.0,0,0.0,0.0,2017-11-14 06:29:00
-10.0,-32.0,0,0.0,0.0,2017-11-14 17:49:00
-5.0,-25.0,0,0.0,0.0,2017-11-14 12:50:00
-2.0,4.0,0,0.0,0.0,2017-11-14 17:28:00
-9.0,-15.0,0,0.0,0.0,2017-11-14 12:56:00
-2.0,1.0,0,0.0,0.0,2017-11-14 05:58:00
-12.0,-7.0,0,0.0,0.0,2017-11-14 17:06:00
-2.0,-12.0,0,0.0,0.0,2017-11-15 06:08:00
-1.0,-5.0,0,0.0,0.0,2017-11-15 06:29:00
-3.0,-1.0,0,0.0,0.0,2017-11-15 17:56:00
9.0,-4.0,0,0.0,0.0,2017-11-15 13:04:00
-1.0,-8.0,0,0.0,0.0,2017-11-15 05:59:00
8.0,4.0,0,0.0,0.0,2017-11-15 13:13:00
10.0,10.0,0,0.0,0.0,2017-11-15 17:40:00
-8.0,-20.0,0,0.0,0.0,2017-11-15 17:10:00
-1.0,-11.0,0,0.0,0.0,2017-11-16 06:09:00
0.0,-7.0,0,0.0,0.0,2017-11-16 06:30:00
10.0,-6.0,0,0.0,0.0,2017-11-16 13:05:00
-8.0,-13.0,0,0.0,0.0,2017-11-16 17:51:00
0.0,-2.0,0,0.0,0.0,2017-11-16 17:30:00
105.0,98.0,0,98.0,0.0,2017-11-16 07:45:00
176.0,162.0,0,0.0,0.0,2017-11-16 16:01:00
-13.0,-8.0,0,0.0,0.0,2017-11-16 17:05:00
-1.0,-8.0,0,0.0,0.0,2017-11-17 06:09:00
7.0,2.0,0,0.0,0.0,2017-11-17 18:06:00
-1.0,4.0,0,0.0,0.0,2017-11-17 06:29:00
52.0,35.0,0,0.0,0.0,2017-11-17 13:47:00
-10.0,-4.0,0,0.0,0.0,2017-11-17 12:55:00
-3.0,-5.0,0,0.0,0.0,2017-11-17 05:57:00
2.0,7.0,0,0.0,0.0,2017-11-17 17:20:00
-1.0,-2.0,0,0.0,0.0,2017-11-17 17:29:00
-6.0,-14.0,0,0.0,0.0,2017-11-18 06:39:00
-4.0,15.0,0,0.0,0.0,2017-11-18 06:26:00
-5.0,-20.0,0,0.0,0.0,2017-11-18 13:55:00
-7.0,-6.0,0,0.0,0.0,2017-11-18 08:58:00
33.0,42.0,0,2.0,0.0,2017-11-18 17:51:00
-6.0,3.0,0,0.0,0.0,2017-11-18 17:24:00
-3.0,-7.0,0,0.0,0.0,2017-11-19 06:07:00
-9.0,-14.0,0,0.0,0.0,2017-11-19 06:21:00
-7.0,12.0,0,0.0,0.0,2017-11-19 17:52:00
3.0,1.0,0,0.0,0.0,2017-11-19 12:58:00
4.0,5.0,0,0.0,0.0,2017-11-19 13:09:00
18.0,12.0,0,0.0,0.0,2017-11-19 17:48:00
48.0,41.0,0,0.0,0.0,2017-11-19 18:06:00
-5.0,-19.0,0,0.0,0.0,2017-11-20 06:05:00
5.0,11.0,0,0.0,0.0,2017-11-20 06:35:00
-9.0,-12.0,0,0.0,0.0,2017-11-20 17:50:00
-2.0,-12.0,0,0.0,0.0,2017-11-20 12:53:00
19.0,10.0,0,0.0,0.0,2017-11-20 17:49:00
-6.0,-10.0,0,0.0,0.0,2017-11-20 12:59:00
-4.0,3.0,0,0.0,0.0,2017-11-20 05:56:00
-1.0,-4.0,0,0.0,0.0,2017-11-21 06:09:00
9.0,1.0,0,0.0,0.0,2017-11-21 06:39:00
-5.0,-1.0,0,0.0,0.0,2017-11-21 12:50:00
0.0,11.0,0,0.0,0.0,2017-11-21 17:59:00
-6.0,-17.0,0,0.0,0.0,2017-11-21 05:54:00
-5.0,-10.0,0,0.0,0.0,2017-11-21 17:25:00
-8.0,3.0,0,0.0,0.0,2017-11-21 12:57:00
-4.0,-15.0,0,0.0,0.0,2017-11-21 17:14:00
-6.0,-14.0,0,0.0,0.0,2017-11-22 06:04:00
-7.0,-26.0,0,0.0,0.0,2017-11-22 06:23:00
-6.0,-8.0,0,0.0,0.0,2017-11-22 12:49:00
-9.0,-3.0,0,0.0,0.0,2017-11-22 17:50:00
-7.0,-18.0,0,0.0,0.0,2017-11-22 17:23:00
-1.0,-11.0,0,0.0,0.0,2017-11-22 05:59:00
-7.0,-11.0,0,0.0,0.0,2017-11-22 12:58:00
18.0,21.0,0,0.0,0.0,2017-11-22 17:36:00
-2.0,0.0,0,0.0,0.0,2017-11-23 06:08:00
-1.0,-4.0,0,0.0,0.0,2017-11-23 06:29:00
-9.0,-17.0,0,0.0,0.0,2017-11-23 12:56:00
-7.0,-17.0,0,0.0,0.0,2017-11-23 05:53:00
0.0,-18.0,0,0.0,0.0,2017-11-24 12:55:00
-5.0,-25.0,0,0.0,0.0,2017-11-24 06:25:00
-2.0,-19.0,0,0.0,0.0,2017-11-24 05:53:00
-8.0,-12.0,0,0.0,0.0,2017-11-24 12:58:00
-7.0,-23.0,0,0.0,0.0,2017-11-24 17:23:00
-2.0,-1.0,0,0.0,0.0,2017-11-25 06:08:00
-5.0,-8.0,0,0.0,0.0,2017-11-25 12:50:00
7.0,13.0,0,0.0,0.0,2017-11-25 06:37:00
-4.0,-6.0,0,0.0,0.0,2017-11-25 17:55:00
-7.0,-8.0,0,0.0,0.0,2017-11-25 05:53:00
0.0,-6.0,0,0.0,0.0,2017-11-25 13:05:00
170.0,154.0,0,0.0,0.0,2017-11-25 20:20:00
0.0,0.0,0,0.0,0.0,2017-11-25 17:18:00
0.0,-11.0,0,0.0,0.0,2017-11-26 06:10:00
1.0,-4.0,0,0.0,0.0,2017-11-26 06:31:00
3.0,-8.0,0,0.0,0.0,2017-11-26 12:58:00
8.0,6.0,0,0.0,0.0,2017-11-26 18:07:00
-1.0,12.0,0,0.0,0.0,2017-11-26 13:04:00
-7.0,-5.0,0,0.0,0.0,2017-11-26 05:53:00
-7.0,-4.0,0,0.0,0.0,2017-11-26 17:23:00
130.0,115.0,0,0.0,0.0,2017-11-26 19:28:00
11.0,4.0,0,0.0,0.0,2017-11-27 06:21:00
-4.0,-27.0,0,0.0,0.0,2017-11-27 12:51:00
12.0,-8.0,0,0.0,0.0,2017-11-27 06:42:00
-6.0,-22.0,0,0.0,0.0,2017-11-27 17:53:00
-12.0,-14.0,0,0.0,0.0,2017-11-27 12:53:00
6.0,-3.0,0,0.0,0.0,2017-11-27 06:06:00
-6.0,-7.0,0,0.0,0.0,2017-11-27 17:24:00
-7.0,-12.0,0,0.0,0.0,2017-11-27 17:11:00
1.0,-21.0,0,0.0,0.0,2017-11-28 06:01:00
-3.0,-3.0,0,0.0,0.0,2017-11-28 06:27:00
8.0,-29.0,0,0.0,0.0,2017-11-28 12:52:00
-4.0,-15.0,0,0.0,0.0,2017-11-28 17:33:00
9.0,-3.0,0,0.0,0.0,2017-11-28 17:09:00
-4.0,-15.0,0,0.0,0.0,2017-11-28 05:36:00
11.0,7.0,0,0.0,0.0,2017-11-28 17:29:00
-5.0,-19.0,0,0.0,0.0,2017-11-29 05:55:00
-9.0,-10.0,0,0.0,0.0,2017-11-29 12:35:00
-1.0,-12.0,0,0.0,0.0,2017-11-29 17:36:00
-5.0,-26.0,0,0.0,0.0,2017-11-29 16:55:00
-2.0,-2.0,0,0.0,0.0,2017-11-29 17:16:00
-4.0,-9.0,0,0.0,0.0,2017-11-29 05:36:00
-5.0,11.0,0,0.0,0.0,2017-11-29 06:25:00
-4.0,-16.0,0,0.0,0.0,2017-11-30 05:56:00
-7.0,-29.0,0,0.0,0.0,2017-11-30 12:37:00
-4.0,-8.0,0,0.0,0.0,2017-11-30 17:33:00
-7.0,-11.0,0,0.0,0.0,2017-11-30 05:33:00
-6.0,3.0,0,0.0,0.0,2017-11-30 16:54:00
-3.0,-5.0,0,0.0,0.0,2017-11-30 17:15:00
-5.0,-8.0,0,0.0,0.0,2017-11-30 06:25:00
2.0,-13.0,0,0.0,0.0,2017-12-01 06:02:00
-5.0,-29.0,0,0.0,0.0,2017-12-01 17:32:00
-4.0,-12.0,0,0.0,0.0,2017-12-01 12:40:00
-9.0,-9.0,0,0.0,0.0,2017-12-01 16:51:00
-7.0,9.0,0,0.0,0.0,2017-12-01 05:33:00
-9.0,-6.0,0,0.0,0.0,2017-12-01 17:09:00
-5.0,-5.0,0,0.0,0.0,2017-12-01 06:25:00
-2.0,-5.0,0,0.0,0.0,2017-12-02 06:28:00
-9.0,-16.0,0,0.0,0.0,2017-12-02 12:21:00
-5.0,-17.0,0,0.0,0.0,2017-12-02 05:35:00
-3.0,14.0,0,0.0,0.0,2017-12-02 06:27:00
-1.0,-6.0,0,0.0,0.0,2017-12-03 05:59:00
-2.0,-25.0,0,0.0,0.0,2017-12-03 12:42:00
-3.0,-21.0,0,0.0,0.0,2017-12-03 17:34:00
-7.0,-8.0,0,0.0,0.0,2017-12-03 05:33:00
-3.0,-9.0,0,0.0,0.0,2017-12-03 17:15:00
-4.0,3.0,0,0.0,0.0,2017-12-03 06:26:00
-7.0,-7.0,0,0.0,0.0,2017-12-03 16:53:00
10.0,47.0,0,10.0,0.0,2017-12-04 06:10:00
-2.0,-25.0,0,0.0,0.0,2017-12-04 12:42:00
-6.0,-15.0,0,0.0,0.0,2017-12-04 17:31:00
-5.0,17.0,0,0.0,0.0,2017-12-04 05:35:00
0.0,-18.0,0,0.0,0.0,2017-12-04 17:00:00
-5.0,30.0,0,0.0,0.0,2017-12-04 06:25:00
388.0,390.0,0,0.0,0.0,2017-12-04 23:46:00
-4.0,-12.0,0,0.0,0.0,2017-12-05 05:56:00
-11.0,-17.0,0,0.0,0.0,2017-12-05 17:26:00
9.0,-3.0,0,0.0,0.0,2017-12-05 12:53:00
-9.0,-7.0,0,0.0,0.0,2017-12-05 05:31:00
-6.0,-16.0,0,0.0,0.0,2017-12-05 16:54:00
29.0,48.0,0,2.0,0.0,2017-12-05 17:47:00
7.0,8.0,0,0.0,0.0,2017-12-05 06:37:00
-1.0,-5.0,0,0.0,0.0,2017-12-06 05:59:00
-8.0,2.0,0,0.0,0.0,2017-12-06 17:29:00
-1.0,-10.0,0,0.0,0.0,2017-12-06 12:43:00
-5.0,10.0,0,0.0,0.0,2017-12-06 16:55:00
14.0,11.0,0,0.0,0.0,2017-12-06 05:54:00
-1.0,9.0,0,0.0,0.0,2017-12-06 06:29:00
-6.0,-5.0,0,0.0,0.0,2017-12-06 17:12:00
0.0,-3.0,0,0.0,0.0,2017-12-07 06:00:00
0.0,-5.0,0,0.0,0.0,2017-12-07 17:37:00
-2.0,-16.0,0,0.0,0.0,2017-12-07 12:42:00
-9.0,-4.0,0,0.0,0.0,2017-12-07 16:51:00
-9.0,19.0,0,0.0,0.0,2017-12-07 06:21:00
21.0,13.0,0,0.0,0.0,2017-12-07 06:01:00
-4.0,11.0,0,0.0,0.0,2017-12-07 17:14:00
-7.0,-12.0,0,0.0,0.0,2017-12-08 05:53:00
-1.0,-10.0,0,0.0,0.0,2017-12-08 16:59:00
-5.0,1.0,0,0.0,0.0,2017-12-08 05:35:00
9.0,16.0,0,0.0,0.0,2017-12-08 17:27:00
-8.0,9.0,0,0.0,0.0,2017-12-08 06:22:00
220.0,276.0,0,0.0,168.0,2017-12-09 16:10:00
494.0,497.0,0,0.0,309.0,2017-12-09 13:54:00
-2.0,-12.0,0,0.0,0.0,2017-12-09 06:28:00
35.0,12.0,0,0.0,0.0,2017-12-10 06:35:00
5.0,8.0,0,0.0,0.0,2017-12-10 17:42:00
0.0,-21.0,0,0.0,0.0,2017-12-10 12:44:00
31.0,44.0,0,0.0,31.0,2017-12-10 06:11:00
-3.0,-3.0,0,0.0,0.0,2017-12-10 16:57:00
26.0,38.0,0,0.0,26.0,2017-12-10 06:56:00
20.0,28.0,0,0.0,0.0,2017-12-10 17:38:00
-1.0,-28.0,0,0.0,0.0,2017-12-11 05:59:00
4.0,-18.0,0,0.0,0.0,2017-12-11 12:48:00
-7.0,-34.0,0,0.0,0.0,2017-12-11 17:30:00
1.0,1.0,0,0.0,0.0,2017-12-11 05:41:00
55.0,81.0,0,3.0,0.0,2017-12-11 18:13:00
1.0,16.0,0,0.0,0.0,2017-12-11 17:01:00
-8.0,9.0,0,0.0,0.0,2017-12-11 06:22:00
-4.0,-3.0,0,0.0,0.0,2017-12-12 05:56:00
29.0,14.0,0,0.0,0.0,2017-12-12 18:06:00
93.0,67.0,0,0.0,0.0,2017-12-12 14:17:00
-1.0,10.0,0,0.0,0.0,2017-12-12 06:29:00
5.0,3.0,0,0.0,0.0,2017-12-12 17:05:00
-3.0,-25.0,0,0.0,0.0,2017-12-12 05:37:00
-13.0,-21.0,0,0.0,0.0,2017-12-12 17:05:00
-5.0,-25.0,0,0.0,0.0,2017-12-13 05:55:00
-2.0,-29.0,0,0.0,0.0,2017-12-13 12:42:00
-8.0,-24.0,0,0.0,0.0,2017-12-13 17:29:00
-4.0,-1.0,0,0.0,0.0,2017-12-13 05:36:00
78.0,99.0,0,0.0,0.0,2017-12-13 18:36:00
-7.0,-7.0,0,0.0,0.0,2017-12-13 06:23:00
46.0,104.0,0,0.0,12.0,2017-12-13 17:46:00
59.0,109.0,0,0.0,59.0,2017-12-14 06:59:00
-5.0,-25.0,0,0.0,0.0,2017-12-14 12:39:00
-5.0,-8.0,0,0.0,0.0,2017-12-14 17:32:00
10.0,56.0,0,0.0,10.0,2017-12-14 05:50:00
-1.0,-16.0,0,0.0,0.0,2017-12-14 16:59:00
85.0,141.0,0,0.0,85.0,2017-12-14 07:55:00
-10.0,14.0,0,0.0,0.0,2017-12-14 17:08:00
31.0,28.0,0,28.0,0.0,2017-12-15 06:31:00
18.0,62.0,0,18.0,0.0,2017-12-15 17:55:00
-4.0,5.0,0,0.0,0.0,2017-12-15 12:40:00
-6.0,12.0,0,0.0,0.0,2017-12-15 05:34:00
66.0,107.0,0,32.0,0.0,2017-12-15 18:24:00
-4.0,22.0,0,0.0,0.0,2017-12-15 16:56:00
-4.0,45.0,0,0.0,0.0,2017-12-15 06:26:00
-2.0,11.0,0,0.0,0.0,2017-12-16 06:28:00
-1.0,15.0,0,0.0,0.0,2017-12-16 05:39:00
-7.0,-18.0,0,0.0,0.0,2017-12-16 12:23:00
-1.0,25.0,0,0.0,0.0,2017-12-16 06:29:00
-5.0,-14.0,0,0.0,0.0,2017-12-17 05:55:00
-7.0,-8.0,0,0.0,0.0,2017-12-17 06:23:00
-9.0,-8.0,0,0.0,0.0,2017-12-17 16:51:00
-2.0,6.0,0,0.0,0.0,2017-12-17 17:16:00
-8.0,-21.0,0,0.0,0.0,2017-12-17 05:32:00
1.0,-10.0,0,0.0,0.0,2017-12-18 17:38:00
-2.0,-13.0,0,0.0,0.0,2017-12-18 12:42:00
-7.0,-3.0,0,0.0,0.0,2017-12-18 16:53:00
-1.0,5.0,0,0.0,0.0,2017-12-18 05:39:00
-1.0,4.0,0,0.0,0.0,2017-12-18 17:17:00
592.0,581.0,0,563.0,0.0,2017-12-18 16:22:00
-1.0,-10.0,0,0.0,0.0,2017-12-19 05:59:00
14.0,-2.0,0,0.0,0.0,2017-12-19 12:58:00
-6.0,-14.0,0,0.0,0.0,2017-12-19 17:31:00
-4.0,-14.0,0,0.0,0.0,2017-12-19 16:56:00
10.0,-1.0,0,0.0,0.0,2017-12-19 05:50:00
-1.0,6.0,0,0.0,0.0,2017-12-19 06:29:00
2.0,20.0,0,2.0,0.0,2017-12-19 17:20:00
-2.0,-15.0,0,0.0,0.0,2017-12-20 05:58:00
-5.0,-3.0,0,0.0,0.0,2017-12-20 12:39:00
15.0,45.0,0,15.0,0.0,2017-12-20 17:52:00
-5.0,-18.0,0,0.0,0.0,2017-12-20 16:55:00
-9.0,4.0,0,0.0,0.0,2017-12-20 06:36:00
-5.0,-4.0,0,0.0,0.0,2017-12-20 05:35:00
4.0,-7.0,0,0.0,0.0,2017-12-21 06:04:00
16.0,32.0,0,16.0,0.0,2017-12-21 18:01:00
-4.0,12.0,0,0.0,0.0,2017-12-21 05:56:00
-5.0,-17.0,0,0.0,0.0,2017-12-21 16:50:00
72.0,85.0,0,28.0,0.0,2017-12-22 18:57:00
1.0,-5.0,0,0.0,0.0,2017-12-22 06:01:00
24.0,19.0,0,0.0,0.0,2017-12-22 17:19:00
-7.0,0.0,0,0.0,0.0,2017-12-22 05:53:00
26.0,49.0,0,26.0,0.0,2017-12-23 18:11:00
15.0,14.0,0,0.0,0.0,2017-12-23 06:15:00
-8.0,0.0,0,0.0,0.0,2017-12-23 05:52:00
-8.0,-13.0,0,0.0,0.0,2017-12-23 16:47:00
0.0,-5.0,0,0.0,0.0,2017-12-24 06:00:00
-10.0,-17.0,0,0.0,0.0,2017-12-24 08:55:00
-2.0,41.0,0,0.0,0.0,2017-12-25 05:58:00
-2.0,12.0,0,0.0,0.0,2017-12-25 09:21:00
11.0,0.0,0,0.0,0.0,2017-12-26 06:11:00
21.0,49.0,0,21.0,0.0,2017-12-26 18:06:00
70.0,60.0,0,42.0,0.0,2017-12-26 18:05:00
-3.0,7.0,0,0.0,0.0,2017-12-26 05:57:00
-1.0,-6.0,0,0.0,0.0,2017-12-27 17:44:00
0.0,-4.0,0,0.0,0.0,2017-12-27 06:00:00
-2.0,-13.0,0,0.0,0.0,2017-12-27 16:53:00
-4.0,6.0,0,0.0,0.0,2017-12-27 05:56:00
22.0,17.0,0,17.0,0.0,2017-12-28 06:22:00
6.0,5.0,0,0.0,0.0,2017-12-28 17:51:00
-2.0,-5.0,0,0.0,0.0,2017-12-28 16:53:00
3.0,10.0,0,0.0,0.0,2017-12-28 06:03:00
12.0,0.0,0,0.0,0.0,2017-12-29 06:12:00
26.0,22.0,0,22.0,0.0,2017-12-29 18:11:00
-3.0,18.0,0,0.0,0.0,2017-12-29 05:57:00
-2.0,-1.0,0,0.0,0.0,2017-12-29 16:53:00
70.0,66.0,0,11.0,0.0,2017-12-30 18:55:00
-2.0,74.0,0,0.0,0.0,2017-12-30 05:58:00
4.0,-6.0,0,0.0,0.0,2017-12-30 16:59:00
-8.0,34.0,0,0.0,0.0,2017-12-30 05:52:00
2.0,-11.0,0,0.0,0.0,2017-12-31 06:02:00
21.0,22.0,0,21.0,0.0,2017-12-31 09:26:00
